,Model,Accuracy,F1_score,RMSE
0,NextConvGeN,0.5620860927152318,0.5575603624519408,0.9526684977671884
1,CTGAN,0.5033112582781457,0.48932287773070227,1.492190563059743
2,convexCTGAN,0.5132450331125828,0.5179819817849955,1.5077983676238185
3,CTABGAN,0.38824503311258274,0.3935681402579208,1.1305316356935828
4,convexCTABGAN,0.4147350993377483,0.3753916635418484,0.9983148119544676
5,TabDDPM,0.5769867549668874,0.5718568826681534,1.2135901342664712
