,Model,Accuracy,F1_score,RMSE
0,NextConvGeN,0.5620860927152318,0.5575603624519408,0.9526684977671884
1,CTGAN,0.5033112582781457,0.48932287773070227,1.492190563059743
2,CTABGAN,0.38824503311258274,0.3935681402579208,1.1305316356935828
3,TabDDPM,0.5769867549668874,0.5718568826681534,1.2135901342664712
4,CART,0.570364238410596,0.5498495981566872,1.091997649848518
5,DataSynth,0.353476821192053,0.391235284441815,2.001734939169832
6,GReaT,0.5471854304635762,0.5183472098761988,1.2710962404754769
