,Model,Student-T-test,KL divergence,PropensityScore,PredictRealOrSyn,Log Cluster Metric,Feature Correlations Difference,Cross-validation,F-1 score,Geometric Mean,Feature-consistency,EuclideanDistance_Mean,EuclideanDistance_Std,HausdorffDistance,CosineSimilarity
0,NextConvGeN,0.06665252690890833,0.005205544810281653,0.0028349096935741114,0.6345388160127412,-2.073454678566647,0.22125388234981327,0.12969023962594972,0.1389204763638976,0.1425980516795256,0.04309031404331,5.8931,1.8087,6.5809,0.0037
1,CTGAN,0.010011408484070537,0.01090785253308678,0.12751629609981496,0.8397867561546839,-3.1330952381588184,0.10324334750815065,0.16838106370543543,0.0,0.0,0.13340785429743515,5.9982,1.4216,5.4895,0.0025
2,convexCTGAN,0.17263626504976592,0.01998568395894089,0.04086862449733147,0.6996356015434037,-7.066991621062616,0.10235445644945985,0.20263004091174747,0.042371994783496306,0.0703527071249358,0.130656357809835,5.9943,1.4382,5.7248,0.0024
3,CTABGAN,0.09881849151243345,0.22144437768084735,0.09411939951147871,0.7819947503714555,-1.8901137038497795,0.10621753230969291,0.12378725891291642,0.1768980902185316,0.17952370668692502,0.06382608646990354,6.0284,1.2877,4.9354,0.0006
4,convexCTABGAN,0.2809315168606857,0.2018971088528297,0.07484219842425019,0.7625587812557146,-1.8086191824607754,0.10109850707155867,0.1444184687317358,0.2878517387610265,0.26965741204732,0.14429430182105435,6.0252,1.3029,5.1193,0.0006
5,TabDDPM,0.007357011591973647,0.2747509537660556,0.21757205536301927,0.9667728643643004,-2.050994098753171,0.44497997653654514,0.0345996493278784,0.1768980902185316,0.17952370668692502,0.23165931835539796,5.9555,1.5914,14.822,0.0019
