,Model,Student-T-test,KL divergence,PropensityScore,PredictRealOrSyn,Log Cluster Metric,Feature Correlations Difference,Cross-validation,F-1 score,Geometric Mean,Feature-consistency,EuclideanDistance_Mean,EuclideanDistance_Std,HausdorffDistance,CosineSimilarity
0,NextConvGeN,0.0067771525976877255,0.003132189005648162,0.003314104285399395,0.5263242105398903,-7.851533081053802,0.007397237856871975,0.021095477386934736,0.000184447023809986,0.0002626950286059304,0.016863273562133813,4.2963,1.2418,3.7074,0.005
1,CTGAN,0.000236076469537443,0.009608443783069957,0.008221412583622193,0.5669913463315726,-5.831530428713297,0.0217434729473401,0.15345226130653278,0.12415119806683522,0.11579928939386885,0.09852789692161303,4.3366,1.0925,3.8983,0.0037
2,convexCTGAN,0.8009748791919948,0.040309751928559026,0.016510136727666512,0.6059902284152903,-5.921986511034315,0.020828345437368827,0.004055276381909501,0.26918792088247356,0.24805312726454673,0.05901973422963266,4.3008,1.226,3.7452,0.0052
3,CTABGAN,0.002141171333071994,0.24167295671626812,0.13816973127425214,0.8470576460418258,-2.3428159680463545,0.022752412158111253,0.15342713567839206,0.0388584998878026,0.015406249033864783,0.09028691130363271,4.3698,0.9513,3.3228,0.0
4,convexCTABGAN,9.48544614380065e-35,0.1799403048952699,0.12238919339151903,0.8371737817954473,-2.637014469780268,0.022599916718061448,0.13638693467336682,0.2089788915516856,0.18724409679673645,0.11208357819769124,4.364,0.9776,3.59,0.0008
5,TVAE,0.04232415690685773,0.03864813412401474,0.026713009120852865,0.6249425056111594,-6.122520255004013,0.07056469398084017,0.1424170854271356,0.0007035949893588467,0.0127370778186785,0.029365107832738095,4.2315,1.4472,2.6239,0.0089
6,TabDDPM,0.8188071991333292,0.0013884631297391543,0.0011555256077562515,0.4857650234777332,-9.304226354947598,0.005673319111994917,0.014130653266331561,0.1346362297973431,0.11465093209840305,0.020449274135207505,4.2888,1.2675,1.5591,0.006
