,Model,Student-T-test,KL divergence,PropensityScore,PredictRealOrSyn,Log Cluster Metric,Feature Correlations Difference,Cross-validation,F-1 score,Geometric Mean,Feature-consistency,EuclideanDistance_Mean,EuclideanDistance_Std,HausdorffDistance,CosineSimilarity
0,NextConvGeN,0.8870655274933386,0.0020369337758329655,0.0014572247446180628,0.4806497068844703,-12.237018350074148,0.010245386232501447,0.013013698630137016,0.009612350590823458,0.007286890703133819,0.023370622084203707,5.5684,1.7302,3.3884,0.0063
1,CTGAN,1.2831868065354863e-16,0.01774820038847296,0.046228462223269005,0.7119216326161946,-14.43424292741034,0.08841932378574589,0.6883561643835616,0.0009114414629587536,0.0007528328433563242,0.8028389171776672,5.6663,1.3758,6.2662,0.0028
2,convexCTGAN,0.4897484082477806,0.012242182088266764,0.014171364046856231,0.6432202023050241,-8.021749590991215,0.060178531090789154,0.3342465753424656,0.053266502828045,0.04838518152502724,0.5034384923648687,5.6272,1.5279,6.1187,0.0052
3,CTABGAN,8.622514292453672e-30,0.36590855128032385,0.18613917532527002,0.9337363576607739,-1.5441234089979639,,0.7054794520547945,0.01916316664633893,0.022326485754508706,0.8260248837787318,5.6221,1.1799,4.4861,0.0002
4,convexCTABGAN,0.026474771958718748,0.09370126189196462,0.15599912512015898,0.8991121801577213,-1.726102812438009,,0.6910958904109589,0.006168673787860256,0.016228458619760716,0.7748662570721596,5.6084,1.2433,5.059,0.0013
5,TVAE,0.2287994088739231,0.05451528364975217,0.03705195564155261,0.6598693415721013,-6.857610719747847,0.03787874691931979,0.22328767123287674,0.04100493090423245,0.06322195783954708,0.36831996833099556,5.4208,1.6171,4.8686,0.0059
6,TabDDPM,0.7024661041981733,0.001331343421381174,0.0017391809346750178,0.4751095075177919,-9.5573462121141,0.006174187384023453,0.03082191780821919,0.029913498618194423,0.03470044375149227,0.021025001355255486,5.566,1.7378,1.9176,0.0065
