,Model,Student-T-test,KL divergence,PropensityScore,PredictRealOrSyn,Log Cluster Metric,Feature Correlations Difference,Cross-validation,F-1 score,Geometric Mean,Feature-consistency,EuclideanDistance_Mean,EuclideanDistance_Std,HausdorffDistance,CosineSimilarity
0,NextConvGeN,0.4073683735997615,0.0006000041037534965,0.025918960775516843,0.5195040596220396,-8.943008732498804,0.03111929288954502,0.015720524017467263,0.01914204062015351,0.019191875073336397,0.01651889761849461,4.4818,1.3831,2.4829,0.0058
1,CTGAN,0.003842731842410902,0.003672736851674683,0.07917189604111823,0.5818905153599014,-7.761221894735623,0.047548336323526716,0.30072780203784577,0.1792533890051196,0.17862670953211615,0.07340101032925458,4.4844,1.3747,4.3214,0.0064
2,convexCTGAN,0.2772661502887315,0.006873489787358543,0.06238596528186464,0.5533006586040167,-7.904325320206687,0.0408615760347856,0.12372634643377012,0.149995996058235,0.19672763034362986,0.045551578552751305,4.4949,1.3402,3.3162,0.0053
3,CTABGAN,0.18983659968621325,0.1536548949557226,0.3000188629456098,0.8202988010139179,-4.079680466443243,0.10663606576147362,0.6736535662299854,0.25980953619217373,0.27405032103129084,0.07615461110676605,4.5726,1.0446,3.2174,0.001
4,convexCTABGAN,0.01107757905336323,0.0029033987589372075,0.05262664757531052,0.5979455028711873,-8.326029540706134,0.10273695388080747,0.6721979621542941,0.09338581324359159,0.10505987715009427,0.07666241465879636,4.5377,1.1872,4.4985,0.0037
5,TabDDPM,0.5071192445630593,0.00026584827582942,0.019823090920161556,0.4982798352642913,-9.982017634533365,0.004124312448172847,0.013973799126637543,0.01261131527621362,0.037295033492276176,0.013016384663222347,4.4842,1.3755,1.9952,0.0057
