,Model,Accuracy,F1_score,RMSE
0,NextConvGeN,0.6200488997555011,0.619015158759168,1.3381163474226374
1,CTGAN,0.5163814180929095,0.5399172889819465,1.5155139345436441
2,convexCTGAN,0.5899755501222493,0.5939150478628987,1.3288201641305375
3,CTABGAN,0.3645476772616137,0.41406051955299317,1.5019805490885023
4,convexCTABGAN,0.5271393643031785,0.5244013478577363,1.42367488295813
5,TabDDPM,0.6640586797066014,0.6630851650279999,1.2265805348275098
