Dataset Name,Cross-validation_TVAE,Cross-validation_CTGAN,Cross-validation_convexCTGAN,Cross-validation_CTABGAN,Cross-validation_convexCTABGAN,Cross-validation_TabDDPM,Cross-validation_NextConvGeN
HeartFailure,0.0285714285714284,0.1674796747967479,0.1723577235772357,0.1722415795586527,0.2348432055749129,0.1292682926829268,0.0668989547038326
HeartDisease,0.0852713178294573,0.2981173864894795,0.1942414174972314,0.2983388704318938,0.2180509413067552,0.0617940199335549,0.0473975636766335
IndianLiverPatients,0.1085759493670887,0.0177848101265822,0.0556329113924051,6.329113924052887e-05,0.032879746835443,0.1315506329113924,0.0959810126582279
PimaIndianDiabetes,0.10619591554171,0.1190031152647974,0.0054170993423329,0.1246105919003114,0.1376427829698857,0.0317064728279681,0.1025095188646592
ContraceptiveMethods,0.1424170854271356,0.1534522613065327,0.0040552763819095,0.153427135678392,0.1363869346733668,0.0141306532663315,0.0210954773869347
Obesity,0.1952054794520548,0.7027397260273973,0.3356164383561644,0.686986301369863,0.6719178082191781,0.0164383561643836,0.0623287671232875
