Dataset Name,Feature-consistency_TVAE,Feature-consistency_CTGAN,Feature-consistency_convexCTGAN,Feature-consistency_CTABGAN,Feature-consistency_convexCTABGAN,Feature-consistency_TabDDPM,Feature-consistency_NextConvGeN
HeartFailure,0.0910802626815792,0.2263848878215698,0.2298901635031763,0.1048981086268529,0.1590509044850965,0.0683373785441642,0.0467828771872499
HeartDisease,0.1051358676003942,0.2456321084242992,0.2045991243621401,0.3092719470698766,0.3621367212431693,0.0411956098982386,0.0648668155993602
IndianLiverPatients,0.0342559230015278,0.1325262375020195,0.0218298232711331,0.0820901923531205,0.1042366449000624,0.0264486859891141,0.0206498242772889
PimaIndianDiabetes,0.0325745604853032,0.1108171745105124,0.0256794255220636,0.1359645854889418,0.1109364290730815,0.037086408018085,0.0456234081468784
ContraceptiveMethods,0.029365107832738,0.098527896921613,0.0590197342296326,0.0902869113036327,0.1120835781976912,0.0204492741352075,0.0168632735621338
Obesity,0.325956332999874,0.722703419835401,0.4863342477383713,0.788425716272255,0.7971085547106552,0.0247923977994807,0.0394669450557999
