Dataset Name,Feature Correlations Difference_TVAE,Feature Correlations Difference_CTGAN,Feature Correlations Difference_convexCTGAN,Feature Correlations Difference_CTABGAN,Feature Correlations Difference_convexCTABGAN,Feature Correlations Difference_TabDDPM,Feature Correlations Difference_NextConvGeN
HeartFailure,0.0699104153504396,0.0588368852323129,0.0601151487131723,0.0436359396940299,0.0652874131027586,0.112154040987773,0.2274080168582749
HeartDisease,0.0775703337902383,0.1060015935821745,0.096038989563949,0.0945840572668703,0.094535183792652,0.0712444077960053,0.2823857332501025
IndianLiverPatients,0.1256861310156034,0.111496940255656,0.0971528273293744,,0.0986817409008335,0.0729812301086032,0.0256343871029798
PimaIndianDiabetes,0.2269580626441908,0.099369294870626,0.093494783361781,0.1090480505658197,0.1077623410937038,0.2683351549854817,0.0291806562918905
ContraceptiveMethods,0.0705646939808401,0.0217434729473401,0.0208283454373688,0.0227524121581112,0.0225999167180614,0.0056733191119949,0.0073972378568719
Obesity,0.021132226349138,0.0876821423601822,0.0511832072502858,,,0.0064186553370452,0.0101300874748741
