Dataset Name,KL divergence_TVAE,KL divergence_CTGAN,KL divergence_convexCTGAN,KL divergence_CTABGAN,KL divergence_convexCTABGAN,KL divergence_TabDDPM,KL divergence_NextConvGeN
HeartFailure,0.301008617643261,0.0088120633392014,0.0158136525072932,0.0335312271293314,0.0292225239831702,0.0037786406089343,0.0039525325180093
HeartDisease,0.0614579720967836,0.0064622118856191,0.033705544749075,0.2316680854738623,0.2208111163088031,0.0057659445902771,0.0112659643937484
IndianLiverPatients,0.2284224961199634,0.0110840063892577,0.0047340375710248,0.0599923182760319,0.0662111351505273,0.0005135349441517,0.0003946742207292
PimaIndianDiabetes,0.0,0.0336469134418893,0.0,0.1055356041014582,0.141695540958071,0.0,0.0
ContraceptiveMethods,0.0386481341240147,0.0096084437830699,0.040309751928559,0.2416729567162681,0.1799403048952699,0.0013884631297391,0.0031321890056481
Obesity,0.0460710794127664,0.0445446952981454,0.0128129596150236,0.3708109231133956,0.0815003569478447,0.0011710557623591,0.0025037072524435
