Dataset Name,Log Cluster Metric_TVAE,Log Cluster Metric_CTGAN,Log Cluster Metric_convexCTGAN,Log Cluster Metric_CTABGAN,Log Cluster Metric_convexCTABGAN,Log Cluster Metric_TabDDPM,Log Cluster Metric_NextConvGeN
HeartFailure,-9.072046889347597,-7.2394654255992865,-6.626268804994584,-21.41641301750636,-1.974737921022511,-2.3061654845930564,-2.0730454919348245
HeartDisease,-8.503189269989795,-5.078213573255586,-6.27354873866638,-2.985131121960637,-1.8074888249508403,-7.455074095221435,-2.0702479734890677
IndianLiverPatients,-2.3363420855681207,-2.846235983461672,-5.664172079980727,-2.2531494760170765,-2.1305542756775933,-5.085331328601532,-9.421858662737602
PimaIndianDiabetes,-5.647285733743127,-10.37051019030055,-8.90937171190444,-10.37051019030055,-2.838097832453334,-1.8757776412045852,-12.510094696848713
ContraceptiveMethods,-6.122520255004013,-5.831530428713297,-5.921986511034315,-2.3428159680463545,-2.637014469780268,-9.304226354947598,-7.851533081053802
Obesity,-7.0126423061973,-6.8243093548243206,-8.317050960111926,-1.5462237418722955,-2.06379938437543,-10.333427947953751,-12.169319689878014
