Dataset Name,PredictRealOrSyn_TVAE,PredictRealOrSyn_CTGAN,PredictRealOrSyn_convexCTGAN,PredictRealOrSyn_CTABGAN,PredictRealOrSyn_convexCTABGAN,PredictRealOrSyn_TabDDPM,PredictRealOrSyn_NextConvGeN
HeartFailure,0.621631782158098,0.6733873214331211,0.741005758904857,0.6915554595730604,0.7893845245608124,0.6181962125865259,0.6637119520570671
HeartDisease,0.7465032990578562,0.7261425293974167,0.7083134763438643,0.86563267636537,0.916641416187644,0.5166199997112628,0.5945530927644471
IndianLiverPatients,0.7110887250299118,0.8347445641079906,0.5875443492225342,0.8558077241401074,0.875124494834262,0.54741316311246,0.444590188038125
PimaIndianDiabetes,0.6346056263159625,0.8015203406070629,0.5713832670498616,0.7914767235809588,0.7718776345139627,0.8947709625474495,0.4610375496647805
ContraceptiveMethods,0.6249425056111594,0.5669913463315726,0.6059902284152903,0.8470576460418258,0.8371737817954473,0.4857650234777332,0.5263242105398903
Obesity,0.6176261034879874,0.7205282581253006,0.5979250101341653,0.9432583274572776,0.8407481521607776,0.4475841378345462,0.4599001871360532
