,Model,Accuracy,F1_score,RMSE
0,NextConvGeN,0.3250883392226148,0.3177673166149694,1.277188611675573
1,CTGAN,0.303886925795053,0.2848754500610668,1.1463284570004988
2,convexCTGAN,0.31802120141342755,0.3107148642938864,1.326838845127211
3,CTABGAN,0.3992932862190813,0.3165958735812646,1.1961880454189897
4,convexCTABGAN,0.3710247349823322,0.2839039844035579,1.084629729005106
5,TabDDPM,0.3250883392226148,0.32594501632013984,1.2836206826034426
