,Model,Student-T-test,KL divergence,PropensityScore,PredictRealOrSyn,Log Cluster Metric,Feature Correlations Difference,Cross-validation,F-1 score,Geometric Mean,Feature-consistency,EuclideanDistance_Mean,EuclideanDistance_Std,HausdorffDistance,CosineSimilarity
0,NextConvGeN,0.6496361624310041,0.0016365577632436183,0.06991409744476577,0.4252452394381149,-8.291359674952025,0.009706841958809978,0.00013495276653163746,0.0,0.0,0.025384298239237824,5.5512,1.0883,3.6021,0.0003
1,CTGAN,1.3533720924408644e-39,0.018847222129386672,0.29885843693422376,0.7940520638851833,-4.875215004076523,0.01648034161081839,0.7288798920377868,0.10264506119842096,0.10233754384386512,0.08466843106112346,5.5985,0.8101,4.5717,0.0002
2,convexCTGAN,0.47786713798838465,0.014928185714582171,0.13863797760384391,0.5356049567187878,-5.462801003747177,0.01573425146261845,0.6206477732793523,0.12752370754312956,0.12861029025888376,0.08155916477723475,5.6001,0.7994,5.0432,0.0
3,CTABGAN,0.3406291271919911,0.015541834551340972,0.13028930061025001,0.6234906884778516,-7.496983523040711,0.015907338806851527,0.6975708502024293,0.10264506119842096,0.10233754384386512,0.08437040081457622,5.5661,1.0091,10.9846,-0.0
4,convexCTABGAN,0.12988897163192858,0.012275888278538474,0.12720263483331648,0.5660423865301915,-6.4753322755087295,0.01628051659689726,0.7453441295546559,0.12752370754312956,0.12861029025888376,0.06877479914446766,5.6034,0.7758,4.3035,0.0
5,TabDDPM,0.8521964639935343,0.0014139032064538085,0.061288809168108534,0.3865310284382054,-8.314836001450637,0.006648543718985625,0.0052631578947369695,0.0,0.0,0.023348221261814062,5.5507,1.0908,3.6132,0.0004
