,Model,Student-T-test,KL divergence,PropensityScore,PredictRealOrSyn,Log Cluster Metric,Feature Correlations Difference,Cross-validation,F-1 score,Geometric Mean,Feature-consistency,EuclideanDistance_Mean,EuclideanDistance_Std,HausdorffDistance,CosineSimilarity
0,NextConvGeN,0.6496361624310043,0.0016365577632436183,0.06991758487678613,0.4252452394381149,-8.291359674952025,0.009706841218186789,0.00013495276653163746,0.0,0.0,0.025384298239237824,5.5512,1.0883,3.6021,0.0003
1,CTGAN,1.3533720924408644e-39,0.018847222129386672,0.29889982879482035,0.7940520638851833,-4.875215004076523,0.016480341588644046,0.7288798920377868,0.10264506119842096,0.10233754384386512,0.08466843106112346,5.5985,0.8101,4.5717,0.0002
2,convexCTGAN,0.0003162368728467635,0.03512217763802562,0.19065202348815022,0.6207876179899136,-3.855850714016899,0.01654358914185807,0.7449392712550609,0.07510788156688258,0.07411435154948179,0.06636587725555605,5.5983,0.8115,4.482,-0.0001
3,CTABGAN,0.3406291271919911,0.015541834551340972,0.13028699694706594,0.6234906884778516,-7.496983523040711,0.01590733921485951,0.6975708502024293,0.10264506119842096,0.10233754384386512,0.08437040081457622,5.5661,1.0091,10.9846,-0.0
4,convexCTABGAN,0.9658449295658784,0.00933103000904648,0.10855849892172305,0.528051402640309,-10.51206057878686,0.016737624464645877,0.729284750337382,0.10264506119842096,0.10233754384386512,0.06605925313129953,5.6022,0.7847,4.3712,0.0
5,TabDDPM,0.8521964639935343,0.0014139032064538085,0.061915409362393065,0.3865310284382054,-8.314836001450637,0.0066485441447330885,0.0052631578947369695,0.0,0.0,0.023348221261814062,5.5507,1.0908,3.6132,0.0004
