,Model,Accuracy,F1_score,RMSE
0,NextConvGeN,0.6533333333333334,0.6465622536198716,1.2067522684220546
1,CTGAN,0.5066666666666667,0.5020667000696396,1.1098170194848036
2,convexCTGAN,0.48333333333333334,0.47549793886010444,1.1165928018533369
3,CTABGAN,0.4366666666666667,0.45316801893951,1.162769796340085
4,convexCTABGAN,0.4166666666666667,0.4378788399614855,1.7269632201129337
5,TabDDPM,0.6933333333333334,0.6834648508718857,0.9519003613362735
