,Model,Student-T-test,KL divergence,PropensityScore,PredictRealOrSyn,Log Cluster Metric,Feature Correlations Difference,Cross-validation,F-1 score,Geometric Mean,Feature-consistency,EuclideanDistance_Mean,EuclideanDistance_Std,HausdorffDistance,CosineSimilarity
0,NextConvGeN,2.3125865095585926e-05,0.0013723389272011386,0.0029989710053459004,0.49548734527671556,-9.455606715008892,0.007589269007806049,0.0431155778894472,0.00536043336309544,0.0049280736982345585,0.017095864370482623,4.2867,1.2746,4.253,0.0065
1,CTGAN,1.9536035240815856e-47,0.006180022015700042,0.03146762066331638,0.6287202846125478,-6.533418434948557,0.018771361116111822,0.14947738693467338,0.08906740444493527,0.06990768975508443,0.0766021029602371,4.3369,1.0914,3.8734,0.004
2,convexCTGAN,8.57453449983504e-07,0.020543204320826427,0.014477598742409885,0.5978510274345231,-8.63627984982207,0.02183288712079603,0.017050251256281346,0.07526826450872559,0.061663461442670875,0.08053430456661122,4.3032,1.2176,3.9143,0.0065
3,CTABGAN,1.1705650809914025e-07,0.2393534566759588,0.13538576201416386,0.8490136925475207,-2.297941660400428,0.019562476530318743,0.14446231155778888,0.1324811797431541,0.10773532335524483,0.07043012922863509,4.3682,0.9586,3.2599,0.0002
4,convexCTABGAN,6.387906447715879e-34,0.1877180364632409,0.12931827247739694,0.8342289168632486,-2.6272831109939165,0.019525812839181828,0.13338693467336682,0.19506568198156987,0.1728687982588715,0.07402386412540161,4.3646,0.9749,3.382,0.0008
5,TVAE,0.7112888121217816,0.12280780868975887,0.055101527614101274,0.7011215237521258,-4.037570338653681,0.05668771182931525,0.16248241206030145,0.08906740444493527,0.06990768975508443,0.042396471331549786,4.1779,1.5954,28.287,0.0072
6,TabDDPM,0.39351949618068816,0.0015879898149473606,0.002215291761466521,0.4869477594593576,-9.052866778570849,0.007218651523557027,0.12936683417085426,0.11984479941443063,0.11243927167496959,0.02995275409465558,4.2936,1.251,1.5023,0.0061
