,Model,Accuracy,F1_score,RMSE
0,NextConvGeN,0.5463576158940397,0.5428962346643758,0.8724683210239415
1,CTGAN,0.48923841059602646,0.47444359442230777,1.5120070926657576
2,convexCTGAN,0.4759933774834437,0.4722305449476105,1.6806752356162344
3,CTABGAN,0.36920529801324503,0.35819711781433394,1.1356608996105164
4,convexCTABGAN,0.37582781456953646,0.32458670096806375,1.0287329622167605
5,TabDDPM,0.5471854304635762,0.5478495156025764,1.1557991355321109
