,Model,Student-T-test,KL divergence,PropensityScore,PredictRealOrSyn,Log Cluster Metric,Feature Correlations Difference,Cross-validation,F-1 score,Geometric Mean,Feature-consistency,EuclideanDistance_Mean,EuclideanDistance_Std,HausdorffDistance,CosineSimilarity
0,NextConvGeN,0.5718910032301111,0.0,0.000955254909885136,0.4610375496647805,-12.510094696848713,0.029180656291890518,0.1025095188646592,0.018504178131507315,0.07303189989047376,0.045623408146878444,4.0079,1.3917,3.0771,0.0074
1,CTGAN,0.011211742621295807,0.03364691344188939,0.10666437142701547,0.8015203406070629,-10.37051019030055,0.09936929487062607,0.11900311526479745,0.023640181947391953,0.06548451146435358,0.11081717451051241,4.0612,1.2274,4.9926,0.0047
2,convexCTGAN,0.2097870729930719,0.0,0.015446184580232506,0.5713832670498616,-8.90937171190444,0.09349478336178108,0.0054170993423329206,0.0,0.0,0.02567942552206362,4.0601,1.2311,3.7256,0.0042
3,CTABGAN,0.06377424860995488,0.1055356041014582,0.09258054163505933,0.7914767235809588,-10.37051019030055,0.1090480505658197,0.12461059190031143,0.028393207342401,0.0652780637856526,0.13596458548894189,4.1068,1.0648,3.0563,0.0012
4,convexCTABGAN,1.5085732610071167e-06,0.14169554095807105,0.08446992817016477,0.7718776345139627,-2.838097832453334,0.10776234109370389,0.13764278296988575,0.2712186539440081,0.2505339483522201,0.11093642907308152,4.1039,1.0761,3.4097,0.0008
5,TVAE,0.3213753098404323,0.0,0.04239882190842579,0.6346056263159625,-5.647285733743127,0.22695806264419086,0.10619591554171004,0.0,0.0,0.032574560485303244,4.0437,1.2838,3.146,0.0079
6,TabDDPM,0.015259246688580193,0.0,0.15634615087657863,0.8947709625474495,-1.8757776412045855,0.26833515498548177,0.031706472827968124,0.0,0.0,0.03708640801808509,4.0507,1.2615,5.0651,0.0011
