,Model,Student-T-test,KL divergence,PropensityScore,PredictRealOrSyn,Log Cluster Metric,Feature Correlations Difference,Cross-validation,F-1 score,Geometric Mean,Feature-consistency,EuclideanDistance_Mean,EuclideanDistance_Std,HausdorffDistance,CosineSimilarity
0,NextConvGeN,0.8236670223531294,0.003336428506756463,0.005149974258156775,0.4979553183367337,-21.416413017506358,0.010923139946194043,0.03381712626995648,0.011045307181267283,0.013889135393114649,0.02937052480768986,5.3704,3.0263,6.8814,0.0273
1,CTGAN,7.772343050189661e-07,0.01314414772583019,0.029840500433750035,0.6236763438337287,-5.454341788355983,0.037218940198317556,0.3193033381712629,0.030155253714150954,0.02336860597817786,0.42876642755510264,5.6447,2.4773,10.7718,0.0118
2,convexCTGAN,8.27906063216452e-14,0.027294053125302926,0.05976144446373872,0.6943381932034224,-5.550895075068086,0.036855253712870926,0.31531204644412214,0.18475442232736522,0.14241615422381576,0.40659360295192204,5.642,2.4834,9.7958,0.0142
3,CTABGAN,0.15676234344200152,0.33925512972448024,0.21099350755682186,0.9662934831025842,-1.5944821432051572,0.040573784375992364,0.3308417997097244,0.030155253714150954,0.02336860597817786,0.4083700243793177,5.7527,1.9763,4.6917,0.0007
4,convexCTABGAN,0.2213367656942788,0.3473269469047577,0.21708253260587665,0.9848304036983283,-1.5943086534095534,0.040662500455190265,0.32685050798258364,0.03854397029958889,0.032967919923141964,0.37472837226668776,5.8452,1.9578,5.0474,0.0008
5,TabDDPM,0.49505782328097003,0.0021179891013154827,0.00341339854125554,0.382663602193014,-21.416413017506358,0.009592741199803577,0.026632801161103004,0.02717760318659118,0.026373800274986814,0.01621865000356652,5.3383,2.9158,7.2009,0.0292
