,Model,Student-T-test,KL divergence,PropensityScore,PredictRealOrSyn,Log Cluster Metric,Feature Correlations Difference,Cross-validation,F-1 score,Geometric Mean,Feature-consistency,EuclideanDistance_Mean,EuclideanDistance_Std,HausdorffDistance,CosineSimilarity
0,NextConvGeN,0.007472100472697129,0.01335472742290404,0.09486453699287277,0.5331170801442038,-2.0712955478311357,0.27021719973247793,0.009302325581395321,0.40243555039807966,0.3344655570964332,0.010745794710770418,5.1469,1.2288,4.0831,0.001
1,CTGAN,0.10602333954784818,0.005070099343599228,0.2636626078791846,0.7482464615137872,-5.620099398032668,0.10742369369460074,0.554263565891473,0.18213150302647418,0.2358557230458526,0.06291484979820096,5.1957,1.0025,4.2091,0.001
2,convexCTGAN,0.05104685165297116,0.024624353493944394,0.25301909841410286,0.7517945623904398,-21.416413017506358,0.109007657352233,0.5640088593576966,0.15275574064574593,0.23916730986606977,0.0658109943373477,5.1818,1.0718,5.1714,0.0011
3,CTABGAN,0.06957826507089745,0.19302255002031726,0.32450762057485927,0.825714300182255,-2.456323725499379,0.11352111959598848,0.5116279069767442,0.19675979178608693,0.2842839909286461,0.06946549812473933,5.212,0.9137,4.2316,-0.0
4,convexCTABGAN,0.16975264244564248,0.20927970929032705,0.3826178215627749,0.8743139946200571,-1.8627525516990997,0.11726948159023039,0.502436323366556,0.1496058969745543,0.23510944136765305,0.058705191825638575,5.2099,0.9257,4.146,-0.0001
5,TabDDPM,0.5596351962393387,0.002924660208266488,0.06694862905584235,0.4350935666051946,-9.74896340488967,0.07088029750455285,0.0046511627906976605,0.14708279393754037,0.2158730130406859,0.012831628591569859,5.1409,1.2533,5.1263,0.0023
