,Model,Student-T-test,KL divergence,PropensityScore,PredictRealOrSyn,Log Cluster Metric,Feature Correlations Difference,Cross-validation,F-1 score,Geometric Mean,Feature-consistency,EuclideanDistance_Mean,EuclideanDistance_Std,HausdorffDistance,CosineSimilarity
0,NextConvGeN,0.007472100472697129,0.01335472742290404,0.1004731846437124,0.5293978027542929,-2.0712955478311357,0.2702171972942237,0.009302325581395321,0.40243555039807966,0.3344655570964332,0.010745794710770418,5.1469,1.2288,4.0831,0.001
1,CTGAN,0.10602333954784818,0.005070099343599228,0.26366332197363923,0.7456954411056239,-5.620099398032668,0.10742369401150911,0.554263565891473,0.18213150302647418,0.2358557230458526,0.06291484979820096,5.1957,1.0025,4.2091,0.001
2,convexCTGAN,0.08391928020592884,0.03517241310777251,0.2341935978429132,0.7270307820788566,-8.066706345594628,0.12055974624413018,0.4977851605758584,0.2763500118657435,0.3239441037215464,0.05650131870136536,5.1814,1.0739,4.8435,0.0013
3,CTABGAN,0.06957826507089745,0.19302255002031726,0.3245341575242341,0.8287698557378107,-2.456323725499379,0.11352111991289686,0.5116279069767442,0.19675979178608693,0.2842839909286461,0.06946549812473933,5.212,0.9137,4.2316,-0.0
4,convexCTABGAN,0.1173584920999879,0.22234057217766315,0.38608699933731305,0.8934855241240109,-1.826896351511729,0.09045390116638533,0.5497231450719824,0.18984759502792287,0.25733828572161477,0.05590692988532299,5.2074,0.9394,3.9928,-0.0003
5,TabDDPM,0.5596351962393387,0.002924660208266488,0.06782303112501857,0.4232851004596833,-9.74896340488967,0.0708802950662986,0.0046511627906976605,0.14708279393754037,0.2158730130406859,0.012831628591569859,5.1409,1.2533,5.1263,0.0023
