,Model,Student-T-test,KL divergence,PropensityScore,PredictRealOrSyn,Log Cluster Metric,Feature Correlations Difference,Cross-validation,F-1 score,Geometric Mean,Feature-consistency,EuclideanDistance_Mean,EuclideanDistance_Std,HausdorffDistance,CosineSimilarity
0,NextConvGeN,0.5334746390494003,0.039246687139703605,0.10719235647200674,0.5677420702285008,-10.669975325943108,0.023147771754596154,0.03400726419967892,0.09421766946495269,0.08374794687209314,0.005084000257640257,8.3373,1.8679,8.7573,0.0014
1,CTGAN,0.004864839495901627,0.036266583057770536,0.25498353961010556,0.7604275005833416,-8.192076376221697,0.04598393828095885,0.36517504053638417,0.08828665771577252,0.08594130864146962,0.014898224825216216,8.4568,1.5758,9.1121,0.0009
2,convexCTGAN,9.13702518308654e-05,0.050728777783333186,0.19622563217228794,0.690678718363243,-8.72655828743198,0.0315414558730729,0.19895406672751692,0.0,0.0,0.011586695938624554,8.4154,1.7837,9.1928,0.0015
3,CTABGAN,7.990003549741357e-22,0.0672195243676464,0.341384465902718,0.8459531612668496,-3.356578106220981,0.04615793872481977,0.6485107793437136,0.04816400944234506,0.047164984513495434,0.015074337755778757,8.5039,1.2978,7.9267,0.0004
4,convexCTABGAN,0.10060056571758853,0.0324914162284005,0.11598048992334593,0.5953766641857909,-7.9209899656173555,0.04136350655875061,0.6351072459844344,0.03672908322542659,0.03496386263142487,0.017098617449791725,8.4627,1.5437,10.3357,0.0009
5,TabDDPM,0.3749885385843401,0.007524293947775672,0.08354564502616661,0.5504553111252494,-8.410885474515812,0.017702645956722225,0.023141721569536977,0.14260008080455547,0.15129886698537148,0.004933585894310237,8.3854,1.9195,10.5931,0.0016
