,Model,Accuracy,F1_score,RMSE
0,NextConvGeN,0.5521523178807948,0.5454057406620493,0.8621507049156061
1,CTGAN,0.4983443708609272,0.47655878522023026,1.3784640224675686
2,CTABGAN,0.4056291390728477,0.4051681994066213,1.2670646594874384
3,TabDDPM,0.5529801324503312,0.5506462792539997,1.2264339918506229
4,CART,0.5215231788079471,0.5017790171082734,1.2241552124938873
5,DataSynth,0.412251655629139,0.42283147907944296,1.909427502747813
6,GReaT,0.5173841059602649,0.45483970369571913,1.247555659494255
