,Model,Accuracy,F1_score,RMSE
0,NextConvGeN,0.5521523178807948,0.5454057406620492,0.8621507049156061
1,CTGAN,0.4983443708609272,0.4765587852202302,1.3784640224675686
2,convexCTGAN,0.4793046357615894,0.47757224004439436,1.6000791510597794
3,CTABGAN,0.4056291390728477,0.4051681994066213,1.2670646594874384
4,convexCTABGAN,0.4362582781456954,0.3803190543796693,0.999576525883535
5,TabDDPM,0.5529801324503312,0.5506462792539997,1.2264339918506229
