Model,f1score_mean,f1score_std,RMSE_mean,RMSE_std
CART,0.585718718222022,0.012432817889253404,1.3853053223439569,0.05945233163149279
CTABGAN,0.4379492156109569,0.048139601136483044,1.4034551337693708,0.09903864298627578
CTGAN,0.5622121500734648,0.018869579597243676,1.4431378547604499,0.030457577256745378
DataSynth,0.35254467634720915,0.07274096564406278,1.498046431133771,0.10208657213023414
GReaT,0.5847702739784378,0.02129856985155068,1.2979064169052297,0.054435654104838575
NextConvGeN,0.6228699908789628,0.017556145885153727,1.0587852613561213,0.022580558823238242
TabDDPM,0.5502520958633796,0.05041825515083418,1.408921102327296,0.20896499647838357
