,Model,Student-T-test,KL divergence,PropensityScore,PredictRealOrSyn,Log Cluster Metric,Feature Correlations Difference,Cross-validation,F-1 score,Geometric Mean,Feature-consistency,EuclideanDistance_Mean,EuclideanDistance_Std,HausdorffDistance,CosineSimilarity
0,NextConvGeN,0.8023009112928068,0.016220726024693707,0.06719402953037652,0.49405731523378577,-21.416413017506358,0.05875584627935431,0.08571428571428574,0.09052501754311354,0.12166459058344092,0.028117325190548458,4.5012,1.3186,2.2563,0.0061
1,CTGAN,0.3188777098566064,0.010427406496132035,0.11527333242108474,0.47771367521367514,-9.267583170585272,0.10417895668320795,0.34285714285714286,0.34033944026076207,0.3196399653435241,0.11824673497012535,4.553,1.1271,4.5137,0.0052
2,convexCTGAN,0.6931238819834674,0.013619453575844633,0.056718449456783504,0.42683257918552037,-21.416413017506358,0.06852719138477381,0.3571428571428571,0.32805065377842724,0.382900294780256,0.09536265556007073,4.5564,1.1132,4.3035,0.0054
3,CTABGAN,0.05511387041686641,0.11563722380599567,0.2556002158719475,0.7496828171828172,-5.702333559467,0.03606796369908413,0.24285714285714288,0.23378569757798712,0.30875287877235086,0.1042554262840519,4.5942,0.9451,3.627,0.0004
4,convexCTABGAN,0.21423534378061582,0.1492593000368192,0.2669240762656573,0.7959432234432234,-21.416413017506358,0.03690068107447318,0.3285714285714285,0.5200629425649095,0.49420585992030164,0.145450372970578,4.5992,0.9203,3.5622,-0.0001
5,TabDDPM,0.6750712709608355,0.00844262910668123,0.05852291187290236,0.42223443223443213,-21.416413017506358,0.02171603026268707,0.02857142857142858,0.012195121951219495,0.015595674831097278,0.005172742668199282,4.5073,1.2977,0.9672,0.0061
