,Model,Student-T-test,KL divergence,PropensityScore,PredictRealOrSyn,Log Cluster Metric,Feature Correlations Difference,Cross-validation,F-1 score,Geometric Mean,Feature-consistency,EuclideanDistance_Mean,EuclideanDistance_Std,HausdorffDistance,CosineSimilarity
0,NextConvGeN,0.8023009112928068,0.016220726024693707,0.06719403204758993,0.49405731523378577,-21.416413017506358,0.05875584909919211,0.08571428571428574,0.09052501754311354,0.12166459058344092,0.028117325190548458,4.5012,1.3186,2.2563,0.0061
1,CTGAN,0.3188777098566064,0.010427406496132035,0.1152643347237929,0.47771367521367514,-9.267583170585272,0.10417895386337016,0.34285714285714286,0.34033944026076207,0.3196399653435241,0.11824673497012535,4.553,1.1271,4.5137,0.0052
2,convexCTGAN,0.5214454526603356,0.010595930815499161,0.059866857374532435,0.5074461322990734,-8.338746321576487,0.04337539808781227,0.3571428571428571,0.3897899897113115,0.37433981884982204,0.10034330229734548,4.5815,1.0051,4.3265,0.0023
3,CTABGAN,0.05511387041686641,0.11563722380599567,0.2555982607022615,0.7496828171828172,-5.702333559467,0.0360679637249542,0.24285714285714288,0.23378569757798712,0.30875287877235086,0.1042554262840519,4.5942,0.9451,3.627,0.0004
4,convexCTABGAN,0.10351690699549748,0.16505889890564449,0.26884996299123093,0.7566142354377648,-2.398144324328419,0.062325921809440035,0.3285714285714286,0.34033944026076207,0.3196399653435241,0.12084580084550019,4.5969,0.9319,3.652,-0.0002
5,TabDDPM,0.6750712709608355,0.00844262910668123,0.058489117386366384,0.4247985347985347,-21.416413017506358,0.021716032254682577,0.02857142857142858,0.012195121951219495,0.015595674831097278,0.005172742668199282,4.5073,1.2977,0.9672,0.0061
