,Model,Student-T-test,KL divergence,PropensityScore,PredictRealOrSyn,Log Cluster Metric,Feature Correlations Difference,Cross-validation,F-1 score,Geometric Mean,Feature-consistency,EuclideanDistance_Mean,EuclideanDistance_Std,HausdorffDistance,CosineSimilarity
0,NextConvGeN,3.9779645351890956e-20,0.003024210728537442,0.08218331747648822,0.5506915091995294,-9.17531302436116,0.008778037825828101,0.010040201005025118,0.031051171461885074,0.034776632797367396,0.015046644473440236,4.2715,1.3245,3.7649,0.0061
1,CTGAN,7.889256289728904e-89,0.01750061547391182,0.2050317885861671,0.7038788418501271,-4.7108410009032795,0.028666067797631613,0.5305778894472363,0.12529198324594032,0.1356274751821435,0.04637524507146736,4.3338,1.1038,4.1934,0.0037
2,convexCTGAN,2.320778204830193e-41,0.024502845818623317,0.16389264503679815,0.6627000388060763,-10.578236281358103,0.032660524000170374,0.2497085427135679,0.12975403581116857,0.1265167250765094,0.04272359065004329,4.2788,1.3008,3.7406,0.0077
3,CTABGAN,0.02444228572813524,0.24405094888622514,0.34395928320922686,0.8541407604576312,-2.333121664843212,0.02924212334197465,0.4924824120603015,0.34656629954380974,0.3633537247375871,0.07070513443552325,4.3639,0.9778,3.3316,0.0002
4,convexCTABGAN,5.618135050646079e-37,0.17534949121366292,0.32874198268817817,0.8449116234305505,-2.6202782342881976,0.029199634456407213,0.5115075376884421,0.10282630224644834,0.10887724596826834,0.047102673261466416,4.3577,1.005,3.5091,0.0011
5,TabDDPM,0.8475300224732569,0.001299367341947914,0.022685331901679904,0.46444714791552427,-13.726938498507128,0.007527788724271684,0.0030351758793969452,0.04305620323820028,0.03142156963869874,0.016792973307584533,4.2679,1.3359,2.3104,0.0061
