,Model,Accuracy,F1_score,RMSE
0,NextConvGeN,0.4961376404494382,0.49663352410442363,
1,CTGAN,0.47981039325842695,0.44438055106636365,
2,convexCTGAN,0.457689606741573,0.4484559641552066,
3,CTABGAN,0.33058286516853935,0.34789721294402826,
4,convexCTABGAN,0.39782303370786515,0.39421122629779975,
5,TabDDPM,0.5135182584269663,0.5123808094528677,
