,Model,Accuracy,F1_score,RMSE
0,NextConvGeN,0.801063829787234,0.7934365494834699,
1,CTGAN,0.7585106382978724,0.7449860284595817,
2,convexCTGAN,0.7295212765957448,0.7368373042629511,
3,CTABGAN,0.4651595744680851,0.5101209228642535,
4,convexCTABGAN,0.5183510638297872,0.5640436870297337,
5,TabDDPM,0.7970744680851064,0.7933927553364548,
