,Model,Student-T-test,KL divergence,PropensityScore,PredictRealOrSyn,Log Cluster Metric,Feature Correlations Difference,Cross-validation,F-1 score,Geometric Mean,Feature-consistency,EuclideanDistance_Mean,EuclideanDistance_Std,HausdorffDistance,CosineSimilarity
0,NextConvGeN,0.5664789866864461,0.0171735999240077,0.07115241724904205,0.39328754578754577,-21.416413017506358,0.08514516321670865,0.04285714285714293,0.34204374892350087,0.34746418468481793,0.01644885836025999,4.4587,1.4559,3.1175,0.0128
1,CTGAN,0.3668585146538818,0.009071062685074498,0.20250601665022394,0.6368859082094376,-6.0989178178267816,0.08377458998832185,0.4285714285714286,0.3611792893875643,0.341581462090263,0.07665733452913077,4.5578,1.1073,4.1464,0.0042
2,convexCTGAN,0.8791557642433907,0.010488813486582505,0.06734326047646925,0.4167782707488589,-9.552278316941067,0.02296245554866741,0.3857142857142857,0.3922891926470782,0.3746558038711006,0.07257677300388982,4.5385,1.1841,4.5934,0.0064
3,CTABGAN,0.10466363362177454,0.1294763578182723,0.2724011981971566,0.7543986568986568,-3.7936277040406465,0.052559309258278036,0.2857142857142858,0.14998216301537887,0.15191262373060593,0.10042136112495421,4.5885,0.9723,4.0715,0.0007
4,convexCTABGAN,0.0019070599456770174,0.1342757018829141,0.2845067447947434,0.7703504991740285,-3.5271771845227176,0.022477380123091455,0.3571428571428572,0.03583897824594906,0.034213360487413136,0.15902842134646056,4.5917,0.9571,3.6877,0.0004
5,TabDDPM,0.713424324392119,0.010233349813865858,0.07862696584739752,0.4300990675990676,-6.418369528473603,0.08538136967377316,0.04285714285714293,0.0,0.0,0.031046054839929393,4.4551,1.4671,2.6133,0.0135
