,Model,Student-T-test,KL divergence,PropensityScore,PredictRealOrSyn,Log Cluster Metric,Feature Correlations Difference,Cross-validation,F-1 score,Geometric Mean,Feature-consistency,EuclideanDistance_Mean,EuclideanDistance_Std,HausdorffDistance,CosineSimilarity
0,NextConvGeN,0.5664789866864461,0.0171735999240077,0.0713773188110067,0.3828113553113553,-21.416413017506358,0.08514516176444771,0.04285714285714293,0.34204374892350087,0.34746418468481793,0.01644885836025999,4.4587,1.4559,3.1175,0.0128
1,CTGAN,0.3668585146538818,0.009071062685074498,0.2024921071191062,0.6368859082094376,-6.0989178178267816,0.08377458853606091,0.4285714285714286,0.3611792893875643,0.341581462090263,0.07665733452913077,4.5578,1.1073,4.1464,0.0042
2,convexCTGAN,0.3260889677677993,0.01142288953251559,0.1013435338812817,0.5014355742296919,-5.349928285886417,0.07898961780465678,0.4857142857142857,0.12908123511209063,0.11016165188664234,0.10480059783682975,4.5408,1.1752,3.9434,0.0042
3,CTABGAN,0.10466363362177454,0.1294763578182723,0.2724025970139734,0.7543986568986568,-3.7936277040406465,0.0525593078060171,0.2857142857142858,0.14998216301537887,0.15191262373060593,0.10042136112495421,4.5885,0.9723,4.0715,0.0007
4,convexCTABGAN,0.007178106332018437,0.16774904761771509,0.2788497964549828,0.7708791208791209,-3.209074540544748,0.06409049402776257,0.3571428571428572,0.2271264747133075,0.21077457356249546,0.12050518844036226,4.5901,0.965,3.7822,0.0003
5,TabDDPM,0.713424324392119,0.010233349813865858,0.07862651264670503,0.4300990675990676,-6.418369528473603,0.08538136822151224,0.04285714285714293,0.0,0.0,0.031046054839929393,4.4551,1.4671,2.6133,0.0135
