,Model,Student-T-test,KL divergence,PropensityScore,PredictRealOrSyn,Log Cluster Metric,Feature Correlations Difference,Cross-validation,F-1 score,Geometric Mean,Feature-consistency,EuclideanDistance_Mean,EuclideanDistance_Std,HausdorffDistance,CosineSimilarity
0,NextConvGeN,0.8922150119721273,0.006750380084384743,0.059713112600971216,0.4661415188954116,-7.354399947786929,0.012006283203391024,0.0341074020319303,0.05254112237660109,0.03693385898828784,0.00979006403429304,5.4279,3.0884,4.6154,0.0189
1,CTGAN,3.1482902836691334e-05,0.01338036593973525,0.14464873482613586,0.6434515671422283,-3.2713361655745676,0.022869382271294383,0.4222786647314949,0.15450277084806222,0.13414786585411004,0.0596435735764944,5.7975,2.5277,9.1542,0.0109
2,convexCTGAN,9.823098009537613e-05,0.01510008033895326,0.1311808084855561,0.6317824047173469,-2.9877811695114995,0.02284502874775691,0.47510885341074016,0.12773659465489112,0.11093443828820486,0.04259632433896681,5.7989,2.5243,10.7607,0.0112
3,CTABGAN,2.9777140247315404e-06,0.3731298891470378,0.45306111932985504,0.9677027108214677,-1.5839355973443174,0.024725181887416,0.5480406386066763,0.253505449456004,0.266572200563608,0.06451070986123743,6.0033,1.99,4.9607,0.0002
4,convexCTABGAN,0.007136081028194195,0.3786626383847045,0.4566574301650147,0.9717626189324303,-1.5523366164173378,0.024637522091030577,0.4675616835994194,0.2550239499218729,0.22491863327179434,0.046476331729437985,6.0023,1.9931,4.6774,0.0001
5,TabDDPM,0.8090425249277243,0.004477416506962936,0.06180842011776619,0.44735535405295235,-5.295830431615663,0.011612237951925002,0.03795355587808413,0.13658998088228025,0.11628911636463797,0.012058416843834817,5.4421,3.2223,6.911,0.0198
