,Model,Accuracy,F1_score,RMSE
0,NextConvGeN,0.4571629213483146,0.4604299400399135,
1,CTGAN,0.47419241573033705,0.4453635166754507,
2,convexCTGAN,0.40958567415730335,0.4167230005713517,
3,CTABGAN,0.3442766853932584,0.3323030288049099,
4,convexCTABGAN,0.3885182584269663,0.38682355162205107,
5,TabDDPM,0.4775280898876405,0.4730954636799544,
