,Model,Accuracy,F1_score,RMSE
0,NextConvGeN,0.456811797752809,0.4602696484391032,
1,CTGAN,0.47419241573033705,0.44536351667545077,
2,CTABGAN,0.3442766853932584,0.33230302880491,
3,TabDDPM,0.4775280898876405,0.4730954636799544,
4,CART,0.5049157303370786,0.47075584046687946,
5,DataSynth,0.3123244382022472,0.3406808010668825,
6,GReaT,0.5091292134831461,0.45189355502812845,
