,Model,Student-T-test,KL divergence,PropensityScore,PredictRealOrSyn,Log Cluster Metric,Feature Correlations Difference,Cross-validation,F-1 score,Geometric Mean,Feature-consistency,EuclideanDistance_Mean,EuclideanDistance_Std,HausdorffDistance,CosineSimilarity
0,NextConvGeN,0.92753735468286,0.0008673767380688489,0.0552080384674675,0.4075772880416843,-10.50326430499764,0.00914915431204961,0.031174089068825905,0.0,0.0,0.022633122498990188,5.5475,1.1069,3.5869,0.0003
1,CTGAN,5.8824660614683614e-05,0.010695631813219926,0.13123544567262693,0.6092378018116144,-7.48850654945081,0.017106177495776975,0.7862348178137653,0.1976156897057893,0.209467129829179,0.049552561725934016,5.6,0.8,4.4251,0.0002
2,convexCTGAN,1.0072454482663871e-07,0.0212054904334568,0.17942258298835903,0.6206218679170428,-8.682327899730968,0.016944478796286046,0.7187584345479082,0.08523103402621474,0.09734195117849007,0.0630343165176232,5.5986,0.8097,4.655,0.0003
3,CTABGAN,0.2849624647128745,0.015574179753808752,0.13748534816026417,0.5834490038597868,-10.459803392150777,0.017099485633861194,0.7180836707152497,0.2588706474248642,0.2670855817763265,0.046318569248641625,5.604,0.7715,4.3389,-0.0
4,convexCTABGAN,0.22554149792129155,0.01010658369455255,0.11916751605199417,0.5551609898129712,-6.8919953240843,0.01678180413502094,0.702834008097166,0.038376425639764705,0.046904163638223036,0.044748735654360536,5.6032,0.7776,4.3218,0.0
5,TabDDPM,0.5072020732758968,0.0007908152094301481,0.06281922789643148,0.4043120573963776,-10.514665217334073,0.006514479377338353,0.0,0.0,0.0,0.0372697141010904,5.5483,1.103,2.8516,0.0003
