,Model,Student-T-test,KL divergence,PropensityScore,PredictRealOrSyn,Log Cluster Metric,Feature Correlations Difference,Cross-validation,F-1 score,Geometric Mean,Feature-consistency,EuclideanDistance_Mean,EuclideanDistance_Std,HausdorffDistance,CosineSimilarity
0,NextConvGeN,0.92753735468286,0.0008673767380688489,0.055208061329180935,0.4075772880416843,-10.50326430499764,0.00914915513693532,0.031174089068825905,0.0,0.0,0.022633122498990188,5.5475,1.1069,3.5869,0.0003
1,CTGAN,5.8824660614683614e-05,0.010695631813219926,0.13092128624212437,0.6128815265079707,-7.48850654945081,0.01710617626177456,0.7862348178137653,0.1976156897057893,0.209467129829179,0.049552561725934016,5.6,0.8,4.4251,0.0002
2,convexCTGAN,4.7517289522179914e-08,0.009436264129537296,0.1654788884299206,0.584949822367326,-7.290905073578071,0.017046209446366825,0.7711201079622132,0.0,0.0,0.06202913811471167,5.6002,0.7986,4.4098,0.0002
3,CTABGAN,0.2849624647128745,0.015574179753808752,0.13782122679948666,0.5834490038597868,-10.459803392150777,0.0170994868612113,0.7180836707152497,0.2588706474248642,0.2670855817763265,0.046318569248641625,5.604,0.7715,4.3389,-0.0
4,convexCTABGAN,0.5281536706001211,0.017272451189866932,0.14495550929067866,0.5806974729137139,-8.582129376392967,0.016755200755052276,0.7128205128205128,0.016946908513173573,0.029923875689882716,0.049386446691510995,5.6037,0.774,4.5027,0.0
5,TabDDPM,0.5072020732758968,0.0007908152094301481,0.0648127073458779,0.3963860954909549,-10.514665217334073,0.006514478135574921,0.0,0.0,0.0,0.0372697141010904,5.5483,1.103,2.8516,0.0003
