,Model,Student-T-test,KL divergence,PropensityScore,PredictRealOrSyn,Log Cluster Metric,Feature Correlations Difference,Cross-validation,F-1 score,Geometric Mean,Feature-consistency,EuclideanDistance_Mean,EuclideanDistance_Std,HausdorffDistance,CosineSimilarity
0,NextConvGeN,0.0138262583702068,0.009135013679410811,0.13015757543299486,0.5986405761202861,-2.0652944650216,0.2850605477600585,0.07120708748615723,0.41321369635417504,0.4245541875687537,0.02111813560957758,5.155,1.1942,4.7257,0.0012
1,CTGAN,0.3201895950686776,0.01065388597743681,0.21352546640686615,0.7148148312120087,-6.2735487386663795,0.11632807640891649,0.5638981173864895,0.206686799790248,0.20837800635513187,0.06292108384525644,5.1982,0.9894,4.9349,0.0009
2,convexCTGAN,0.010859836503713157,0.04232077478858341,0.2184732765428191,0.7177381934136016,-6.354306044191156,0.08340030283271113,0.6353266888150609,0.005603202321631917,0.02836957271102561,0.07416544318068409,5.1879,1.0421,4.8985,0.0012
3,CTABGAN,5.826371069687883e-05,0.18147106478822977,0.380460431881343,0.8682556578772204,-1.964753177834645,0.0923865058016925,0.5638981173864895,0.02136056821039095,0.012984592364831515,0.07350276159389678,5.2136,0.9045,3.9762,0.0
4,convexCTABGAN,0.0002715299971924026,0.21186933821285828,0.3689721141019034,0.8785296742337518,-1.8879062878463835,0.09912378409150782,0.5642303433001108,0.05604697221954205,0.05463891586599792,0.07517337679682531,5.2108,0.9204,3.9093,-0.0001
5,TabDDPM,0.739098817346087,0.002521227729692004,0.05500502980939258,0.41993391318405493,-21.416413017506358,0.02558908604992124,0.01417497231450715,0.02741264604800922,0.015872002570150923,0.02410337588958744,5.1527,1.2041,4.7724,0.0016
