,Model,Accuracy,F1_score,RMSE
0,NextConvGeN,0.6084529505582138,0.6004840419032025,1.0710899617070426
1,CTGAN,0.5574162679425837,0.5593106377981986,1.4244217926906555
2,convexCTGAN,0.5598086124401914,0.5614152229908972,1.5604391895233978
3,CTABGAN,0.33971291866028713,0.3787812221930887,1.4094972772860621
4,convexCTABGAN,0.29106858054226475,0.2939212903389433,1.5074020235957548
5,TabDDPM,0.6578947368421053,0.5991918481481281,1.7309021368881203
