,Model,Student-T-test,KL divergence,PropensityScore,PredictRealOrSyn,Log Cluster Metric,Feature Correlations Difference,Cross-validation,F-1 score,Geometric Mean,Feature-consistency,EuclideanDistance_Mean,EuclideanDistance_Std,HausdorffDistance,CosineSimilarity
0,NextConvGeN,0.0006297128330914196,0.008830964935800663,0.053136359181928244,0.6357703892635134,-2.0649254497484755,0.2557981399726911,0.017241379310344862,0.13247863247863256,0.12564177603544324,0.0174228892522578,5.8979,1.793,5.1801,0.0043
1,CTGAN,0.07858151554970516,0.013420095791565672,0.19327982290308598,0.7252583384158402,-5.026040724852292,0.13498404074088508,0.7533606078316775,0.4026958353184365,0.41680471534911284,0.05817084674954451,5.9796,1.498,7.2506,0.0031
2,convexCTGAN,0.07333094177443444,0.026885654677079956,0.13267833124031575,0.6809911157040205,-6.062952400684251,0.1184089635910284,0.760490940970193,0.20888688031545166,0.20392627931747276,0.06398081586964553,5.9873,1.4672,6.4403,0.0028
3,CTABGAN,0.07300228766750715,0.21472710514771426,0.267302149946094,0.7502892083382102,-2.0205556710663086,0.13256563755594103,0.7500876680303916,0.3873168034262258,0.3864542086373406,0.05901392184009794,6.0305,1.2778,4.9642,0.0006
4,convexCTABGAN,0.0635461403848355,0.21538500024077806,0.1951154950572217,0.733579599003241,-1.987978406922304,0.1287492797094241,0.7057276446522502,0.3286803010725492,0.3265527182318316,0.061603777054716695,6.0278,1.2907,5.2494,0.0002
5,TabDDPM,0.06413151882183948,0.0829084537751519,0.4530481874201048,0.956899716993284,-1.9805117429649743,0.28904290275517563,0.6336060783167738,0.2123346615410107,0.21222000725436002,0.05778808682065674,5.9456,1.6278,14.9633,0.0025
