,Model,Student-T-test,KL divergence,PropensityScore,PredictRealOrSyn,Log Cluster Metric,Feature Correlations Difference,Cross-validation,F-1 score,Geometric Mean,Feature-consistency,EuclideanDistance_Mean,EuclideanDistance_Std,HausdorffDistance,CosineSimilarity
0,NextConvGeN,0.5512416272370678,0.0019516823234458829,0.028918524283550726,0.4876624604101045,-12.733481949387734,0.01554340449305713,0.018493150684931514,0.01200270625934391,0.0052449249290166255,0.0029178596301973267,5.5821,1.6854,3.7136,0.0054
1,CTGAN,0.028983990240426596,0.032843603392022205,0.17826079447037796,0.6830291806578105,-5.5880063651222684,0.08641000815785682,0.4616438356164384,0.047127600503825806,0.0224939829259711,0.022769502021480814,5.6709,1.3567,6.2412,0.0028
2,convexCTGAN,1.6098730671969585e-05,0.017991606945067833,0.14698948827390396,0.6730368178747368,-15.948977000459973,0.04049477208448658,0.17739726027397273,0.053899350714551986,0.04015054887618577,0.011776242648824639,5.6446,1.4625,5.2905,0.0039
3,CTABGAN,2.9921022427553226e-15,0.37395658691548384,0.4297924615262771,0.9356574285569877,-1.563952041977746,,0.4972602739726028,0.0340390159222049,0.01729951500485194,0.013044448459097809,5.6258,1.1623,4.4024,0.0002
4,convexCTABGAN,0.23613218141355985,0.0971220140452804,0.3245421803250061,0.861780344350719,-1.9076374633519537,,0.5000000000000001,0.02841242606292399,0.028017125641630558,0.01737103940768062,5.6147,1.2147,4.8922,0.0013
5,TabDDPM,0.4821587378321652,0.0018078079610209913,0.018947233077260175,0.41835642488499597,-10.5391976007095,0.007766117896463668,0.02808219178082183,0.10165564034438512,0.09299466129383632,0.005199780360864173,5.5793,1.6946,1.5024,0.0055
