,Model,Student-T-test,KL divergence,PropensityScore,PredictRealOrSyn,Log Cluster Metric,Feature Correlations Difference,Cross-validation,F-1 score,Geometric Mean,Feature-consistency,EuclideanDistance_Mean,EuclideanDistance_Std,HausdorffDistance,CosineSimilarity
0,NextConvGeN,0.5512416272370678,0.0019516823234458829,0.02896718590798903,0.48598487821672387,-12.733481949387734,0.01554340339798553,0.018493150684931514,0.01200270625934391,0.0052449249290166255,0.0029178596301973267,5.5821,1.6854,3.7136,0.0054
1,CTGAN,0.028983990240426628,0.032843603392022205,0.18038316414145003,0.6852942854841846,-5.5880063651222684,0.08641000765381686,0.4616438356164384,0.047127600503825806,0.0224939829259711,0.022769502021480814,5.6709,1.3567,6.2412,0.0028
2,convexCTGAN,0.07543805081668446,0.03220412146196786,0.14689843337331665,0.6694903634836804,-6.584947015681042,0.03732302911174182,0.16301369863013715,0.04894837980781863,0.008293072012242164,0.013638571762080012,5.6557,1.4189,5.9081,0.0032
3,CTABGAN,2.9921022427553226e-15,0.37395658691548384,0.41789367831510393,0.9402631410105187,-1.563952041977746,,0.4972602739726028,0.0340390159222049,0.01729951500485194,0.013044448459097809,5.6258,1.1623,4.4024,0.0002
4,convexCTABGAN,0.31364398399575016,0.07751828712916235,0.341434424821264,0.866680436356319,-1.776744146768562,,0.49794520547945215,0.16784767752825064,0.16683939606987538,0.007601426411967718,5.6118,1.2277,5.0161,0.0015
5,TabDDPM,0.4821587378321652,0.0018078079610209913,0.018891198623643073,0.4176098218111517,-10.5391976007095,0.007766116197567543,0.02808219178082183,0.10165564034438512,0.09299466129383632,0.005199780360864173,5.5793,1.6946,1.5024,0.0055
