,Model,Accuracy,F1_score,RMSE
0,NextConvGeN,0.8007978723404255,0.7944647491674546,
1,CTGAN,0.7694148936170213,0.7512322461229881,
2,convexCTGAN,0.7409574468085107,0.7358445335800295,
3,CTABGAN,0.5960106382978723,0.6305637232401158,
4,convexCTABGAN,0.5316489361702128,0.556551721009975,
5,TabDDPM,0.785372340425532,0.7831769508656384,
