,Model,Accuracy,F1_score,RMSE
0,NextConvGeN,0.6211083944580277,0.6199984340719347,1.3188873650821868
1,CTGAN,0.5248573757131214,0.5440236248493836,1.6058048611371407
2,convexCTGAN,0.5698451507742461,0.5756682754056808,1.3153244274667164
3,CTABGAN,0.3558272208638957,0.41046353840833855,1.3500488065141536
4,convexCTABGAN,0.49266503667481665,0.5062347738965094,1.4656920653448535
5,TabDDPM,0.6615321923390384,0.6634793797924889,1.2387381115565865
