,Model,Student-T-test,KL divergence,PropensityScore,PredictRealOrSyn,Log Cluster Metric,Feature Correlations Difference,Cross-validation,F-1 score,Geometric Mean,Feature-consistency,EuclideanDistance_Mean,EuclideanDistance_Std,HausdorffDistance,CosineSimilarity
0,NextConvGeN,0.5909883965817507,0.0,0.020539248905806565,0.4545959709686673,-8.949681024969271,0.03605228634365901,0.007442021460712822,0.09361728570760197,0.10011764084689603,0.05092059776612297,4.0155,1.3695,2.2967,0.005
1,CTGAN,0.29079441610439505,0.05136226005414613,0.2093781256031196,0.7434649503035181,-6.900980456173195,0.36352408530792624,0.8510211145725163,0.06167381006090685,0.06342984311745131,0.11635652009887346,4.0851,1.1455,3.4523,0.002
2,convexCTGAN,0.3388415863265702,0.0,0.12325746556183463,0.6610692014291214,-5.676244468621062,0.1741289639677836,0.5121322256836274,0.06293874907600835,0.05638339832909107,0.09507748577670486,4.0628,1.2221,3.9336,0.0027
3,CTABGAN,0.006711516156577675,0.24863071316800311,0.370226760274519,0.8767245132024801,-2.0946442631214657,0.365492113495386,0.832381446867428,0.09033029893244948,0.0938199883329758,0.1076693535374312,4.1088,1.0572,3.0044,0.0003
4,convexCTABGAN,0.002879892042445408,0.0,0.261877531674201,0.7838768244167518,-3.895888480499005,0.37251621791929646,0.8156109380408444,0.04372133718408339,0.05606981348078517,0.10985676914444184,4.0996,1.0923,3.2654,0.0012
5,TabDDPM,0.1561077221974473,0.0,0.18446657329767413,0.6867698781538445,-2.2109021257663497,0.28923766069040713,0.29785392869505,0.022853606515709092,0.03316252981467906,0.07433017091167031,4.0367,1.3058,3.4351,0.0067
