,Model,Student-T-test,KL divergence,PropensityScore,PredictRealOrSyn,Log Cluster Metric,Feature Correlations Difference,Cross-validation,F-1 score,Geometric Mean,Feature-consistency,EuclideanDistance_Mean,EuclideanDistance_Std,HausdorffDistance,CosineSimilarity
0,NextConvGeN,0.8568983830618508,0.0007016442224360637,0.02923739790680576,0.5013224263840315,-11.299680387791392,0.033913202908720824,0.015720524017467263,0.02356206159055389,0.022095612186170996,0.01619745185104935,4.4747,1.406,3.0488,0.0057
1,CTGAN,0.2884140608310294,0.0140495331256013,0.08993975711852532,0.5776101057340032,-7.1099379506846265,0.05138860780103077,0.3499272197962153,0.006616792163492473,0.007737612475128816,0.06858610431165417,4.4811,1.3854,4.2406,0.0067
2,convexCTGAN,0.2598563563052145,0.012789480807355483,0.04496648064606637,0.5550592426411756,-8.323244793099034,0.04088939054821247,0.11790393013100431,0.006616792163492473,0.007737612475128816,0.042250838549825795,4.4881,1.3627,3.5368,0.0059
3,CTABGAN,8.464177379898424e-05,0.1496461604155061,0.28690959281651873,0.8276004358253471,-5.1840702565733805,0.10661319916520211,0.6756914119359534,0.11110593736637288,0.11867929330089778,0.07136369341184226,4.5721,1.0468,3.421,0.0009
4,convexCTABGAN,5.444788777492747e-06,0.01969699022580051,0.06557094991306157,0.5978155676715481,-7.2990238617081316,0.10640562097534906,0.6637554585152838,0.1274510562144165,0.11832645891284681,0.07334433462762471,4.5335,1.2031,4.3606,0.0038
5,TabDDPM,0.6937348485337217,0.00031595044191377755,0.015528281842999224,0.4618669207983116,-9.514228014734115,0.007711816082577601,0.006113537117903967,0.006616792163492473,0.007737612475128816,0.016091278397214703,4.4798,1.3897,2.2393,0.0056
