,Model,Student-T-test,KL divergence,PropensityScore,PredictRealOrSyn,Log Cluster Metric,Feature Correlations Difference,Cross-validation,F-1 score,Geometric Mean,Feature-consistency,EuclideanDistance_Mean,EuclideanDistance_Std,HausdorffDistance,CosineSimilarity
0,NextConvGeN,0.8568983830618508,0.0007016442224360637,0.028330880684620155,0.5005099772603674,-11.299680387791392,0.03391320133711398,0.015720524017467263,0.02356206159055389,0.022095612186170996,0.01619745185104935,4.4747,1.406,3.0488,0.0057
1,CTGAN,0.2884140608310294,0.0140495331256013,0.08903532206878435,0.5778553341354101,-7.1099379506846265,0.051388607825976915,0.3499272197962153,0.006616792163492473,0.007737612475128816,0.06858610431165417,4.4811,1.3854,4.2406,0.0067
2,convexCTGAN,0.2642130804364004,0.017198079562823414,0.09912867078354355,0.5858382793375527,-7.411829977197363,0.05378992363395528,0.10713245997088783,0.06525770101903997,0.074448302346947,0.04713467518072247,4.4976,1.3311,3.9313,0.0053
3,CTABGAN,8.464177379898424e-05,0.1496461604155061,0.28681569726313244,0.8278116924513764,-5.1840702565733805,0.10661320073680895,0.6756914119359534,0.11110593736637288,0.11867929330089778,0.07136369341184226,4.5721,1.0468,3.421,0.0009
4,convexCTABGAN,6.670215516202422e-07,0.025974607279652458,0.09448120371394941,0.6185255569495682,-5.858496334083598,0.10365458979055113,0.6710334788937409,0.06525770101903997,0.074448302346947,0.07217939746410425,4.5305,1.2142,4.5624,0.0041
5,TabDDPM,0.6937348485337217,0.00031595044191377755,0.015523731766166645,0.4612378162337872,-9.514228014734115,0.007711814510970756,0.006113537117903967,0.006616792163492473,0.007737612475128816,0.016091278397214703,4.4798,1.3897,2.2393,0.0056
