,Model,Accuracy,F1_score,RMSE
0,NextConvGeN,0.6403508771929824,0.6373652086869764,1.0810518461629015
1,CTGAN,0.5239234449760765,0.5454828321383093,1.4369652623436941
2,CTABGAN,0.4481658692185007,0.47402865266930155,1.4725815750990843
3,TabDDPM,0.5215311004784688,0.5295091753712661,1.2151618179892274
4,CART,0.6004784688995215,0.5953183248731649,1.4230160801264025
5,DataSynth,0.5127591706539075,0.4718237447738867,1.588184249320466
6,GReaT,,,1.3374589057594002
