,Model,Accuracy,F1_score,RMSE
0,NextConvGeN,0.6403508771929824,0.6373652086869764,1.0810518461629015
1,CTGAN,0.5239234449760765,0.5454828321383093,1.4369652623436941
2,convexCTGAN,0.5382775119617225,0.5490128557765682,1.5070073998646147
3,CTABGAN,0.4481658692185007,0.47402865266930155,1.4725815750990843
4,convexCTABGAN,0.41626794258373206,0.4510561950080121,1.3352099190478133
5,TabDDPM,0.5215311004784688,0.5295091753712661,1.2151618179892274
