,Model,Accuracy,F1_score,RMSE
0,NextConvGeN,0.5198675496688742,0.5070902891437747,0.860517762519011
1,CTGAN,0.4768211920529801,0.46135275914359763,1.357044841661133
2,convexCTGAN,0.45281456953642385,0.45497066773150585,1.6189031882289613
3,CTABGAN,0.4089403973509934,0.3721903595856296,1.3190095893605314
4,convexCTABGAN,0.4337748344370861,0.4132965858191973,1.1835206047359748
5,TabDDPM,0.5976821192052981,0.5921108235300483,1.2135718765934285
