,Model,Accuracy,F1_score,RMSE
0,NextConvGeN,0.614861432522436,0.6100163067706078,1.287856549043736
1,CTGAN,0.5536490376474573,0.5516167811423361,1.4387086898848453
2,convexCTGAN,0.5791824236608907,0.5766531014646576,1.3109018100186514
3,CTABGAN,0.42219337359598125,0.46124487284256127,1.5354309522698784
4,convexCTABGAN,0.5305920866963934,0.5268450427531817,1.3528945430045045
5,TabDDPM,0.6411144663317716,0.6382908585859298,1.2594131354085665
