,Model,Student-T-test,KL divergence,PropensityScore,PredictRealOrSyn,Log Cluster Metric,Feature Correlations Difference,Cross-validation,F-1 score,Geometric Mean,Feature-consistency,EuclideanDistance_Mean,EuclideanDistance_Std,HausdorffDistance,CosineSimilarity
0,NextConvGeN,0.05766461024833374,0.003919539648871436,0.04891257364485432,0.6485026148603005,-5.35725604965544,0.22324801108465475,0.03867595818815328,0.0,0.0,0.011095693259879311,4.9329,1.2908,3.8701,0.0005
1,CTGAN,0.1986994299951023,0.003669192382411366,0.19219065817911515,0.6802151917296557,-10.169986592103378,0.04401002835835143,0.11997677119628336,0.2458237547892721,0.23521270046889023,0.021091286461451485,4.944,1.2478,6.1345,0.0014
2,CTABGAN,0.0016948596336703666,0.030998310328105984,0.3384067009084893,0.8343255383711374,-1.8438136867789952,0.049936489387063826,0.17677119628339144,0.2458237547892721,0.23521270046889023,0.01804771567802187,4.9975,1.0124,3.6852,0.0006
3,CART,0.29114912562202677,0.003337978204185942,0.05579035449315175,0.5293857660321074,-9.487738599352904,0.04238084906215627,0.019163763066202044,0.2458237547892721,0.23521270046889023,0.022723514920241217,4.9522,1.2148,4.68,0.0017
4,DataSynth,0.4733569520911347,0.0005571566859304914,0.060900136509849,0.5173716055356202,-8.132976046872356,0.045818578061054896,0.11010452961672468,0.0,0.0,0.03284051606011384,4.9059,1.3899,9.3644,0.0015
5,GReaT,0.0008925361107845845,0.027375514049835657,0.49998908858713864,0.9975609756097562,-1.3862943611198906,0.046415146005806804,0.1441347270615564,0.278600708891971,0.2952880774959231,0.012120486796712885,4.9941,1.0291,3.9964,0.0002
6,TabDDPM,0.0013732609608056166,0.05895540390095766,0.48779644219383217,0.9853573454339195,-2.031032243747646,0.325344033050864,0.01927990708478511,0.3411704834605597,0.3341673321903471,0.01737466151720581,4.9792,1.0988,3.982,0.0005
