,Model,Accuracy,F1_score,RMSE
0,NextConvGeN,0.5430463576158941,0.5331621384002267,0.8146716291866913
1,CTGAN,0.5041390728476821,0.49561669495775146,1.3797071938175687
2,convexCTGAN,0.4958609271523179,0.4797095434560377,1.8999134125554527
3,CTABGAN,0.4552980132450331,0.4213568908401374,1.2348742081779955
4,convexCTABGAN,0.4056291390728477,0.3705432943948773,1.1872679467478264
5,TabDDPM,0.5571192052980132,0.556209031898354,1.289444360718556
