,Model,Accuracy,F1_score,RMSE
0,NextConvGeN,0.6404682274247491,0.6391686884867324,
1,CTGAN,0.4910813823857302,0.4819529816709328,
2,convexCTGAN,0.47937569676700115,0.4759441148536406,
3,CTABGAN,0.4782608695652174,0.42475384569765673,
4,convexCTABGAN,0.46544035674470463,0.4487880754792889,
5,TabDDPM,0.6382385730211818,0.6372099649667019,
