,Model,Accuracy,F1_score,RMSE
0,NextConvGeN,0.5677083333333334,0.5671212319395781,1.2530030391502334
1,CTGAN,0.15885416666666666,0.15209364439420278,1.480765367344945
2,convexCTGAN,0.16145833333333334,0.16486842323684114,1.4268548285332396
3,CTABGAN,0.12239583333333333,0.12140562270106048,1.3280545502619838
4,convexCTABGAN,0.13541666666666666,0.1331964697456545,1.4396605519515773
5,TabDDPM,0.4973958333333333,0.49114947726492647,1.1327379981143832
