,Model,Student-T-test,KL divergence,PropensityScore,PredictRealOrSyn,Log Cluster Metric,Feature Correlations Difference,Cross-validation,F-1 score,Geometric Mean,Feature-consistency,EuclideanDistance_Mean,EuclideanDistance_Std,HausdorffDistance,CosineSimilarity
0,NextConvGeN,0.7218691146729,0.02850507512274754,0.0010597549020272233,0.4653613950143093,-8.76809348204461,0.041208304096379836,0.09487712011076499,0.0,0.0,0.049904152791760706,4.0127,1.3777,2.1882,0.0066
1,CTGAN,0.13034554612434038,0.03693354199554544,0.11447268021694086,0.8219399129555442,-13.694168660666612,0.08809644910761925,0.15266528210453445,0.3479783699273299,0.3337650801275002,0.10280187844763308,4.0557,1.2456,4.1435,0.0037
2,convexCTGAN,0.22241269321836632,0.0,0.04244915037839625,0.6847116529156534,-9.237636248313244,0.11212523877589062,0.009501557632398794,0.0,0.0,0.03440184487796899,4.0637,1.2191,3.9632,0.0043
3,CTABGAN,0.2695665222349047,0.15741415163819944,0.10435367323532366,0.7786197921130646,-3.1474307321243487,0.10069629474217039,0.1470058843890618,0.3479783699273299,0.3337650801275002,0.16472903618874243,4.1046,1.0736,3.3606,0.0013
4,convexCTABGAN,0.1133606103048423,0.13226222870063545,0.07713517789596616,0.7585244609868501,-3.0344276717405507,0.09736849443080095,0.15834198684665968,0.3914127053454439,0.3688517382896444,0.19174603386676364,4.101,1.087,3.1914,0.0012
5,TVAE,0.22566963154404232,0.0,0.07007071474214618,0.7220844883048346,-5.891621491178626,0.17565416626947639,0.11552440290758059,0.0,0.0,0.048388967812043715,4.022,1.3504,4.6534,0.0094
6,TabDDPM,0.004194124729833956,0.058288142048594345,0.11788933026889234,0.8740593545747656,-1.9418804232753972,0.22808750092272437,0.04089650398061606,0.3914340069937794,0.36576219892955625,0.03241007594729754,4.0935,1.1149,3.1119,-0.0006
