,Model,Student-T-test,KL divergence,PropensityScore,PredictRealOrSyn,Log Cluster Metric,Feature Correlations Difference,Cross-validation,F-1 score,Geometric Mean,Feature-consistency,EuclideanDistance_Mean,EuclideanDistance_Std,HausdorffDistance,CosineSimilarity
0,NextConvGeN,0.7218691146728998,0.02850507512274754,0.024986217559567415,0.46797667867717296,-8.624559413182807,0.041208304096379836,0.09487712011076499,0.0,0.0,0.023909092579219235,4.0127,1.3777,2.1882,0.0066
1,CTGAN,0.13034554612434038,0.03693354199554544,0.30581139027871745,0.8219208725899693,-7.832917539829448,0.08809644910761925,0.15266528210453445,0.3479783699273299,0.3337650801275002,0.017850112836740414,4.0557,1.2456,4.1435,0.0037
2,CTABGAN,0.2695665222349047,0.15741415163819944,0.2892714956936017,0.7786197921130648,-3.09309484744403,0.10069629474217039,0.1470058843890618,0.3479783699273299,0.3337650801275002,0.019806724042879753,4.1046,1.0736,3.3606,0.0013
3,CART,0.5321512003322281,0.0,0.0443522419884615,0.5169660248150072,-9.996233606403292,0.032156840966824196,0.05588438906195914,0.0,0.0,0.013264375959954514,4.0154,1.3698,4.2647,0.0076
4,DataSynth,0.18669250462848655,0.0,0.1702666724577281,0.6583230337032692,-3.4424031874255445,0.06730704074342991,0.12461059190031154,0.0057378298210493395,0.02702913857756703,0.01888543004090755,4.0313,1.3224,5.2425,0.0035
5,GReaT,1.5900037061952327e-09,0.17514255143977747,0.4940958777501482,0.9907737756541666,-1.5534018705331194,0.10689766125795847,0.12665282104534448,0.22573913541655485,0.22384590377965957,0.01580175734857961,4.1071,1.0639,3.3734,0.0005
6,TabDDPM,0.004194124729833951,0.058288142048594345,0.31247426480109325,0.8740593545747654,-1.9418804232753972,0.22808745435659564,0.04089650398061606,0.3914340069937794,0.36576219892955625,0.012130036883410716,4.0935,1.1149,3.1119,-0.0006
