,Model,Student-T-test,KL divergence,PropensityScore,PredictRealOrSyn,Log Cluster Metric,Feature Correlations Difference,Cross-validation,F-1 score,Geometric Mean,Feature-consistency,EuclideanDistance_Mean,EuclideanDistance_Std,HausdorffDistance,CosineSimilarity
0,NextConvGeN,0.9285426395483718,0.003799454405076989,0.0036018035750762095,0.44226800898706875,-21.416413017506358,0.011053036128341446,0.3642235123367198,0.3814544882270428,0.3963749253470183,0.024470054087461116,5.3893,3.1552,6.9387,0.0272
1,CTGAN,0.7988007759701602,0.012387129043893925,0.02381603260504493,0.5725706352030077,-5.438138815616462,0.03615136666295911,0.28889695210449917,0.006975263839072876,0.0004712985408564796,0.4516993226689829,5.7104,2.7186,11.7171,0.0141
2,convexCTGAN,0.019050283113636313,0.02136432884107479,0.03193519330431405,0.6374778038134424,-6.228463172050922,0.03689159903686802,0.2849056603773584,0.023102779297933418,0.041224377228554876,0.4778428615275013,5.7558,2.6211,10.9261,0.015
3,CTABGAN,8.791062311831715e-11,0.3433498944884265,0.20814153923920328,0.9715335103503806,-1.6285255183440188,0.03972821033040405,0.2584905660377359,0.015146867516294515,0.009051498826148363,0.4244623924534875,5.7884,2.1199,4.8863,0.0013
4,convexCTABGAN,0.09251902196048918,0.36853024929455513,0.21286097075768046,0.9756653503934304,-1.5516426070271305,0.03923609979685526,0.2582728592162553,0.015146867516294515,0.009051498826148363,0.40642176673591396,5.973,2.0793,5.1109,0.0009
5,TabDDPM,0.3184777651125694,0.003232105634453099,0.004872623600851953,0.44935448066402117,-21.416413017506358,0.012111969637743972,0.03447024673439769,0.12351826825393092,0.1050112238472774,0.019170349366049565,5.409,3.1214,3.867,0.0267
