,Model,Accuracy,F1_score,RMSE
0,NextConvGeN,0.7294213528932355,0.7288843649859373,1.3217440226646042
1,CTGAN,0.6471882640586797,0.6635664121014238,1.493428825387331
2,convexCTGAN,0.6982070089649552,0.701933358409728,1.3406933585242442
3,CTABGAN,0.5242053789731052,0.5700048877766828,1.294814375292519
4,convexCTABGAN,0.6466992665036675,0.6567751222003069,1.5175867932487679
5,TabDDPM,0.7649551752241239,0.7649186652324398,1.242155222223968
