,Model,Accuracy,F1_score,RMSE
0,NextConvGeN,0.7294213528932355,0.7288843649859373,1.3217440226646042
1,CTGAN,0.6471882640586797,0.6635664121014238,1.493428825387331
2,CTABGAN,0.5242053789731052,0.5700048877766829,1.294814375292519
3,TabDDPM,0.7651996740016299,0.7650215192363111,1.242155222223968
4,CART,0.7230643846780765,0.7223607192374292,1.384365864368745
5,DataSynth,0.4669111654441728,0.522695184261891,1.6288434345316665
6,GReaT,0.7313773431132844,0.7230730487365417,1.351434499066852
