,Model,Student-T-test,KL divergence,PropensityScore,PredictRealOrSyn,Log Cluster Metric,Feature Correlations Difference,Cross-validation,F-1 score,Geometric Mean,Feature-consistency,EuclideanDistance_Mean,EuclideanDistance_Std,HausdorffDistance,CosineSimilarity
0,NextConvGeN,0.007012256824764201,0.013904994741135745,0.04337729552160194,0.7139799161843826,-2.067683653695432,0.24554157563322965,0.12427409988385596,0.01103469079939673,0.04375361162967789,0.01950180986451173,4.9454,1.2422,3.7614,-0.0004
1,CTGAN,0.14307763945820778,0.009243529644892395,0.19037733881583868,0.70136465554726,-8.34719195305642,0.054903746298087044,0.5072009291521486,0.02469027411959801,0.023569741010562473,0.04619257494421539,4.981,1.0906,4.2624,0.0008
2,convexCTGAN,0.00870761174129171,0.017463005611811928,0.2143725425395392,0.7501635303964498,-1.912509510215948,0.04711613343766155,0.5262485481997677,0.02469027411959801,0.023569741010562473,0.07293805205270816,4.9619,1.1745,5.6404,0.001
3,CTABGAN,0.276274584422297,0.039353389807467366,0.15770641494627752,0.7193793905777646,-21.416413017506358,0.05753244737666338,0.5171893147502904,0.02469027411959801,0.023569741010562473,0.053903215426929496,4.9993,1.0034,3.988,0.0002
4,convexCTABGAN,0.036384097889156065,0.023594183516345527,0.23411238128797338,0.7867641448675193,-1.9290013995251771,0.05557442952321642,0.5118466898954704,0.04705775540543561,0.08021584297567619,0.06256305238067993,4.9971,1.0144,3.8177,0.0
5,TabDDPM,0.17686780100896932,0.01270556894018652,0.2069217774169426,0.7233714171283153,-2.0912018879727086,0.21340458756754058,0.18164924506387925,0.0,0.0,0.039347115255699505,4.97,1.1398,3.5869,0.0015
