Model,f1score_mean,f1score_std,RMSE_mean,RMSE_std
CART,0.7409320963274661,0.006419758993769507,,
CTABGAN,0.4139802754060346,0.013371596099563265,,
CTGAN,0.570854860856124,0.008571065769090716,,
DataSynth,0.3724295210914589,0.02901580828047163,,
GReaT,0.6072197438214155,0.0017202590592515568,,
NextConvGeN,0.8160470563495629,0.008687549220379554,,
TabDDPM,0.83758710566565,0.006040979265193288,,
