,Model,Accuracy,F1_score,RMSE
0,NextConvGeN,0.8133657530209255,0.8126717066673247,
1,CTGAN,0.5817123489537281,0.5899423251316059,
2,convexCTGAN,0.6393309755378721,0.6492025887975161,
3,CTABGAN,0.38594164456233426,0.43595592808765404,
4,convexCTABGAN,0.4417182434423814,0.4993634565252506,
5,TabDDPM,0.8418803418803418,0.8401721848933721,
