,Model,Student-T-test,KL divergence,PropensityScore,PredictRealOrSyn,Log Cluster Metric,Feature Correlations Difference,Cross-validation,F-1 score,Geometric Mean,Feature-consistency,EuclideanDistance_Mean,EuclideanDistance_Std,HausdorffDistance,CosineSimilarity
0,NextConvGeN,1.8405120403335745e-19,0.0036130751221540307,0.08767112207021097,0.5540691055975321,-9.956236592106618,0.009377948230950197,0.0180703517587939,0.016129695015701828,0.01730266582487658,0.02050889575450106,4.2811,1.2932,3.2905,0.0055
1,CTGAN,3.4345644842996853e-77,0.006928716358265707,0.18230878622124097,0.6565961899523858,-5.723033809003412,0.03006658449774275,0.5245628140703517,0.12103331609644899,0.11532724907770237,0.052206577823259485,4.3294,1.1209,4.095,0.0039
2,convexCTGAN,6.313985316116764e-15,0.033237211902638286,0.12030829465866688,0.604062105087385,-9.09919897241767,0.02760752934379222,0.26282914572864324,0.038449551980792834,0.05459693254718204,0.04579291542439028,4.2974,1.2377,3.6349,0.0056
3,CTABGAN,2.8553034465359816e-21,0.19950664431227566,0.339841047386791,0.8449645486990065,-2.287338589695682,0.031200391432954905,0.5145829145728642,0.12103331609644899,0.11532724907770237,0.052786857542311286,4.3637,0.9787,3.3596,0.0002
4,convexCTABGAN,4.8920200257295445e-22,0.17925004655740945,0.31551760947416246,0.8313049256353098,-2.7151959212712726,0.030739680906865234,0.5024572864321607,0.12103331609644899,0.11532724907770237,0.052447633299380465,4.3577,1.0051,3.8858,0.0009
5,TabDDPM,0.8431906561038736,0.0006919246065342933,0.027763781383565396,0.45573712204602923,-10.270940036751183,0.005634956691311446,3.0150753768776184e-05,0.1066763588945418,0.11938065714842488,0.014952681542968594,4.2756,1.3111,1.2847,0.0053
