,Model,Student-T-test,KL divergence,PropensityScore,PredictRealOrSyn,Log Cluster Metric,Feature Correlations Difference,Cross-validation,F-1 score,Geometric Mean,Feature-consistency,EuclideanDistance_Mean,EuclideanDistance_Std,HausdorffDistance,CosineSimilarity
0,NextConvGeN,1.8405120403335745e-19,0.0036130751221540307,0.08775058550577462,0.5545073192741359,-9.956236592106618,0.009377946400642637,0.0180703517587939,0.016129695015701828,0.01730266582487658,0.02050889575450106,4.2811,1.2932,3.2905,0.0055
1,CTGAN,3.4345644842996853e-77,0.006928716358265707,0.18222818046225137,0.6581052001464964,-5.723033809003412,0.030066583514680032,0.5245628140703517,0.12103331609644899,0.11532724907770237,0.052206577823259485,4.3294,1.1209,4.095,0.0039
2,convexCTGAN,5.266086703306594e-21,0.025747054977496475,0.11089997529865595,0.5980746101017717,-5.970245155534464,0.02824452990626014,0.2797939698492461,0.08105145636199448,0.05604949709824897,0.050668350710234136,4.2943,1.2486,3.8527,0.0062
3,CTABGAN,2.8553034465359816e-21,0.19950664431227566,0.3398570813702111,0.8449645486990065,-2.287338589695682,0.031200390449892187,0.5145829145728642,0.12103331609644899,0.11532724907770237,0.052786857542311286,4.3637,0.9787,3.3596,0.0002
4,convexCTABGAN,1.5863282165841393e-30,0.1700757668581604,0.3178378370773012,0.8364146855337463,-2.8330459099066254,0.030781477300580364,0.5275929648241205,0.2866241637314788,0.270153739078775,0.056192012126862007,4.3571,1.0078,3.6468,0.001
5,TabDDPM,0.8431906561038736,0.0006919246065342933,0.02776378143521757,0.45566799681416204,-10.270940036751183,0.005634957674374164,3.0150753768776184e-05,0.1066763588945418,0.11938065714842488,0.014952681542968594,4.2756,1.3111,1.2847,0.0053
