,Model,Accuracy,F1_score,RMSE
0,NextConvGeN,0.6251993620414673,0.6187570994359367,1.0794790276510655
1,CTGAN,0.5502392344497608,0.5522981033640515,1.47532071976163
2,convexCTGAN,0.46331738437001596,0.48794731220363635,1.537967393194133
3,CTABGAN,0.31578947368421056,0.2992959729755595,1.4187905195262707
4,convexCTABGAN,0.4282296650717703,0.43834588254630247,1.5637104768149728
5,TabDDPM,0.5446570972886762,0.5243246304801013,1.6020164075439376
