,Model,Accuracy,F1_score,RMSE
0,NextConvGeN,0.4685744382022472,0.46234043606270425,
1,CTGAN,0.47138342696629215,0.43703068569756964,
2,convexCTGAN,0.4290730337078652,0.4301943626250859,
3,CTABGAN,0.3356741573033708,0.321307821989261,
4,convexCTABGAN,0.35990168539325845,0.3594494234387628,
5,TabDDPM,0.45786516853932585,0.45919649972301047,
