,Model,Accuracy,F1_score,RMSE
0,NextConvGeN,0.46804775280898875,0.46335023634951983,
1,CTGAN,0.47138342696629215,0.43703068569756964,
2,CTABGAN,0.3356741573033708,0.321307821989261,
3,TabDDPM,0.45786516853932585,0.4591964997230104,
4,CART,0.4947331460674157,0.45810193766273577,
5,DataSynth,0.29195926966292135,0.31322105930900856,
6,GReaT,0.4947331460674157,0.4325289618778102,
