,Model,Accuracy,F1_score,RMSE
0,NextConvGeN,0.5994005994005994,0.5983132516517501,
1,CTGAN,0.5144855144855145,0.510294319218269,
2,convexCTGAN,0.5334665334665334,0.5336184448920512,
3,CTABGAN,0.4975024975024975,0.46496805750797093,
4,convexCTABGAN,0.5179820179820179,0.5090880430119173,
5,TabDDPM,0.6103896103896106,0.6091050543247506,
