,Model,Accuracy,F1_score,RMSE
0,NextConvGeN,0.5994005994005994,0.5983132516517501,
1,CTGAN,0.5144855144855145,0.510294319218269,
2,CTABGAN,0.4975024975024975,0.46496805750797093,
3,TabDDPM,0.6103896103896106,0.6091050543247506,
4,CART,0.5844155844155844,0.5855876108106924,
5,DataSynth,0.521978021978022,0.5158694460191224,
6,GReaT,0.5184815184815185,0.5168416353921322,
