,Model,Accuracy,F1_score,RMSE
0,NextConvGeN,0.6183774834437086,0.6127231475659961,0.8568103584849871
1,CTGAN,0.554635761589404,0.5312503707135809,1.3914764281735106
2,convexCTGAN,0.48923841059602646,0.4865123771524141,1.6543364990194669
3,CTABGAN,0.41721854304635764,0.4215211956602758,1.2931753977480365
4,convexCTABGAN,0.3725165562913907,0.30385092064870806,1.072043684744966
5,TabDDPM,0.6051324503311258,0.6042183808028521,1.3268164050958335
