,Model,Accuracy,F1_score,RMSE
0,NextConvGeN,0.6183774834437086,0.6127231475659961,0.8568103584849871
1,CTGAN,0.554635761589404,0.5312503707135808,1.3914764281735106
2,CTABGAN,0.41721854304635764,0.4215211956602758,1.2931753977480365
3,TabDDPM,0.6051324503311258,0.6042183808028521,1.3268164050958335
4,CART,0.5745033112582781,0.5512574348244392,1.129490655192503
5,DataSynth,0.3302980132450331,0.3630326600764441,1.9830869970414042
6,GReaT,0.5422185430463576,0.5024095487001871,1.1936399712386876
