,Model,Student-T-test,KL divergence,PropensityScore,PredictRealOrSyn,Log Cluster Metric,Feature Correlations Difference,Cross-validation,F-1 score,Geometric Mean,Feature-consistency,EuclideanDistance_Mean,EuclideanDistance_Std,HausdorffDistance,CosineSimilarity
0,NextConvGeN,0.024265358274689286,0.003952532518009376,0.0019575776339279464,0.6637119520570671,-2.0730454919348245,0.22740801685827494,0.06689895470383267,0.0,0.0,0.04678287718724999,4.9271,1.3128,4.3124,-0.0
1,CTGAN,0.22519523991514484,0.008812063339201431,0.019820500010979764,0.6733873214331211,-7.2394654255992865,0.05883688523231297,0.16747967479674797,0.6255739887352791,0.637387101470488,0.22638488782156987,4.9562,1.1983,5.2122,0.0012
2,convexCTGAN,0.1372256956692691,0.015813652507293212,0.08026255923760314,0.741005758904857,-6.6262688049945835,0.06011514871317232,0.17235772357723578,0.554319871408479,0.5358927114010782,0.2298901635031763,4.9463,1.2385,5.3399,0.0015
3,CTABGAN,0.15959052168207538,0.03353122712933148,0.05321959442638112,0.6915554595730604,-21.416413017506358,0.04363593969402996,0.1722415795586527,0.554319871408479,0.5358927114010782,0.10489810862685293,4.995,1.0248,3.639,0.0003
4,convexCTABGAN,0.0015472242234951924,0.029222523983170212,0.07263379832089491,0.7893845245608124,-1.974737921022511,0.06528741310275869,0.2348432055749129,0.0,0.0,0.15905090448509654,4.9935,1.0319,3.9544,0.0003
5,TVAE,0.136788453269037,0.301008617643261,0.05083502838004707,0.621631782158098,-9.072046889347595,0.06991041535043968,0.02857142857142847,0.0,0.0,0.09108026268157925,4.8805,1.4768,13.2033,0.0025
6,TabDDPM,0.07335122273377595,0.0037786406089343194,0.017043206747784232,0.6181962125865259,-2.3061654845930564,0.11215404098777307,0.12926829268292683,0.554319871408479,0.5358927114010782,0.0683373785441642,4.9278,1.3104,5.1482,0.0029
