,Model,Student-T-test,KL divergence,PropensityScore,PredictRealOrSyn,Log Cluster Metric,Feature Correlations Difference,Cross-validation,F-1 score,Geometric Mean,Feature-consistency,EuclideanDistance_Mean,EuclideanDistance_Std,HausdorffDistance,CosineSimilarity
0,NextConvGeN,0.024265358274689286,0.003952532518009376,0.037784069065457566,0.6593003425686413,-2.0730454919348245,0.22740801685439443,0.06689895470383267,0.0,0.0,0.014215597030099206,4.9271,1.3128,4.3124,-0.0
1,CTGAN,0.22519523991514484,0.008812063339201431,0.11263303048943042,0.6579737172184335,-21.416413017506358,0.058836891002632424,0.16747967479674797,0.6255739887352791,0.637387101470488,0.024485159694739616,4.9562,1.1983,5.2122,0.0012
2,CTABGAN,0.15959052168207538,0.03353122712933148,0.1984547213120534,0.7032353478653898,-7.087304830777782,0.04363593969791047,0.1722415795586527,0.554319871408479,0.5358927114010782,0.035472933525382166,4.995,1.0248,3.639,0.0003
3,CART,0.7355155889166001,0.0025293360424186984,0.020659557348432417,0.4694976059162218,-11.911184725542457,0.0430378324764233,0.11475029036004647,0.0,0.0,0.021486010856733795,4.9216,1.3335,7.1314,0.0017
4,DataSynth,0.31098915315026604,0.00429180599300244,0.07260576406795553,0.5237173427548513,-21.416413017506358,0.04930648539520871,0.13391405342624862,0.554319871408479,0.5358927114010782,0.029614435634241692,4.897,1.4212,10.6173,0.0013
5,GReaT,0.0008482707528340623,0.022547565444366202,0.4999927958230558,1.0,-1.3958180256384713,0.060718199283432917,0.06701509872241584,0.554319871408479,0.5358927114010782,0.026753442869954274,4.9926,1.0363,4.1217,0.0002
6,TabDDPM,0.07335122273377595,0.0037786406089343194,0.10583124617552649,0.6175747687817744,-4.898233915413649,0.11215404390203662,0.12926829268292683,0.554319871408479,0.5358927114010782,0.016365247772831732,4.9278,1.3104,5.1482,0.0029
