,Model,Accuracy,F1_score,RMSE
0,NextConvGeN,0.55,0.549185379979739,1.0821085335094438
1,CTGAN,0.485,0.4876483209158381,1.3879533878132246
2,convexCTGAN,0.5133333333333333,0.5049837386971336,1.482643153618456
3,CTABGAN,0.5416666666666666,0.5304694113365814,1.1791332505873093
4,convexCTABGAN,0.46499999999999997,0.45402441443868197,1.1311961656754865
5,TabDDPM,0.5783333333333334,0.5799525255563952,1.1342493322189062
