,Model,Student-T-test,KL divergence,PropensityScore,PredictRealOrSyn,Log Cluster Metric,Feature Correlations Difference,Cross-validation,F-1 score,Geometric Mean,Feature-consistency,EuclideanDistance_Mean,EuclideanDistance_Std,HausdorffDistance,CosineSimilarity
0,NextConvGeN,0.05704548638243451,0.012184172774037855,0.11554754057509271,0.5598692837829924,-2.067927834148265,0.26989324862624575,0.037984496124030875,0.5706875308599447,0.5526861561102762,0.010636759939635514,5.1469,1.2284,3.8807,0.0011
1,CTGAN,1.4004719191525752e-05,0.00953859347380501,0.25260947147493273,0.7939039949479845,-3.9609674379487263,0.07997921248346546,0.5593576965669991,0.17318920643784524,0.16644413579191988,0.081791943629021,5.1899,1.0319,4.423,0.001
2,convexCTGAN,0.2108134486970843,0.018298341520858616,0.2174974872187046,0.7131859171050274,-10.413636553073413,0.09033507088140609,0.5592469545957919,0.17318920643784524,0.16644413579191988,0.06339564663426688,5.1836,1.0633,5.2925,0.001
3,CTABGAN,0.0010738566690773079,0.2266169078153073,0.3668745980172825,0.8620160628502388,-1.9704861908408977,0.09349842379495493,0.5928017718715394,0.045127363058397596,0.032021107926898995,0.08541512865305353,5.2096,0.9274,4.1751,0.0002
4,convexCTABGAN,3.570621478651583e-07,0.24263235993358137,0.38604051479767004,0.9067459150219512,-1.8007783736023595,0.10280798392810651,0.6351052048726468,0.17805145958214114,0.18764746941138655,0.056589498300660845,5.2093,0.929,4.0417,-0.0002
5,TabDDPM,0.8047076421796049,0.002264127040842618,0.049236350819091106,0.389060205234788,-10.610965583370133,0.022381015326951068,0.023809523809523947,0.006175381641265687,0.00557529369970633,0.011457586995954347,5.1378,1.2659,3.1725,0.0026
