,Model,Student-T-test,KL divergence,PropensityScore,PredictRealOrSyn,Log Cluster Metric,Feature Correlations Difference,Cross-validation,F-1 score,Geometric Mean,Feature-consistency,EuclideanDistance_Mean,EuclideanDistance_Std,HausdorffDistance,CosineSimilarity
0,NextConvGeN,0.7742229713624906,0.01764392456480428,0.036830864869742005,0.3802555777555778,-21.416413017506358,0.08341627621217562,0.028571428571428692,0.0,0.0,0.024194241466718325,4.4486,1.4865,2.4185,0.0116
1,CTGAN,0.03636970972997005,0.012287508413241855,0.13141576151161324,0.5467356173238527,-6.389609965166873,0.08127662959310387,0.3285714285714285,0.06062878136841565,0.0447403192029604,0.13672167269202534,4.5482,1.1461,4.3353,0.0049
2,convexCTGAN,0.3248427364641328,0.013923262130703218,0.09827943834190056,0.4546978021978022,-5.475614529736828,0.08050478151013235,0.29999999999999993,0.06062878136841565,0.0447403192029604,0.08222999199820562,4.5509,1.1356,4.6657,0.0043
3,CTABGAN,0.23376334768935048,0.13029393485774332,0.26416737492670866,0.7341666666666666,-5.3099489914931235,0.0735849798556518,0.37142857142857144,0.03583897824594906,0.034213360487413136,0.10628908222665072,4.5831,0.9976,3.7259,0.0011
4,convexCTABGAN,0.0685577183730513,0.13349224625184178,0.2825584135554233,0.7816849816849817,-3.9643558843255566,0.0607396570720786,0.3285714285714284,0.22036292592229445,0.20883412129331014,0.0772615599032099,4.5811,1.0068,3.7059,0.001
5,TabDDPM,0.5173355734842624,0.004943372183392855,0.07590697358071626,0.34742081447963796,-21.416413017506358,0.019264552296349484,0.014285714285714457,0.0,0.0,0.02367452504278169,4.464,1.4398,1.8659,0.0111
