,Model,Student-T-test,KL divergence,PropensityScore,PredictRealOrSyn,Log Cluster Metric,Feature Correlations Difference,Cross-validation,F-1 score,Geometric Mean,Feature-consistency,EuclideanDistance_Mean,EuclideanDistance_Std,HausdorffDistance,CosineSimilarity
0,NextConvGeN,0.7742229713624907,0.01764392456480428,0.037168745486639905,0.3802555777555778,-21.416413017506358,0.08341627528085305,0.028571428571428692,0.0,0.0,0.024194241466718325,4.4486,1.4865,2.4185,0.0116
1,CTGAN,0.036369709729970084,0.012287508413241855,0.1314127521274946,0.5467356173238527,-6.389609965166873,0.0812766286617813,0.3285714285714285,0.06062878136841565,0.0447403192029604,0.13672167269202534,4.5482,1.1461,4.3353,0.0049
2,convexCTGAN,0.4973455136117586,0.013226411077620374,0.11701624904369771,0.5934820081878905,-9.490334597475655,0.04133986110962916,0.31428571428571417,0.22660897666222735,0.2099733258594465,0.08127288606394498,4.5526,1.1285,3.7149,0.0042
3,CTABGAN,0.23376334768935048,0.13029393485774332,0.26416737778808064,0.7341666666666666,-5.3099489914931235,0.07358497892432922,0.37142857142857144,0.03583897824594906,0.034213360487413136,0.10628908222665072,4.5831,0.9976,3.7259,0.0011
4,convexCTABGAN,0.11237631466616083,0.16146164472430405,0.31686467105949806,0.7930402930402931,-2.4506288147319366,0.02133206394590974,0.34285714285714286,0.007860654065183992,0.002039803713247079,0.10679763719173321,4.5835,0.9956,3.6467,0.0005
5,TabDDPM,0.5173355734842624,0.004943372183392855,0.07593632489805592,0.3514824391294979,-21.416413017506358,0.01926455136502691,0.014285714285714457,0.0,0.0,0.02367452504278169,4.464,1.4398,1.8659,0.0111
