,Model,Accuracy,F1_score,RMSE
0,NextConvGeN,0.6523125996810207,0.6404166641373951,1.05438560017954
1,CTGAN,0.5813397129186604,0.5905877595747452,1.393390401116329
2,convexCTGAN,0.5909090909090909,0.6017560645669683,1.5049718591515269
3,CTABGAN,0.40191387559808617,0.4182309998926521,1.317908379654845
4,convexCTABGAN,0.42822966507177035,0.4399101970058084,1.3958231555024523
5,TabDDPM,0.6188197767145136,0.6224835069600237,1.171037478613752
