,Model,Accuracy,F1_score,RMSE
0,NextConvGeN,0.6523125996810207,0.6404166641373951,1.05438560017954
1,CTGAN,0.5813397129186604,0.5905877595747452,1.393390401116329
2,CTABGAN,0.40191387559808617,0.4182309998926521,1.317908379654845
3,TabDDPM,0.6188197767145136,0.6224835069600237,1.171037478613752
4,CART,0.5869218500797448,0.5892152300069352,1.3253445350913116
5,DataSynth,0.36283891547049446,0.34416294121314644,1.561992116140434
6,GReaT,0.609250398724083,0.5939790261524316,1.2223102687888379
