,Model,Student-T-test,KL divergence,PropensityScore,PredictRealOrSyn,Log Cluster Metric,Feature Correlations Difference,Cross-validation,F-1 score,Geometric Mean,Feature-consistency,EuclideanDistance_Mean,EuclideanDistance_Std,HausdorffDistance,CosineSimilarity
0,NextConvGeN,0.6997332872563993,0.0,0.018999955567946335,0.47863202172396724,-11.554530483443026,0.027099167943827822,3.4614053305515036e-05,0.0,0.0,0.05623571328728781,4.044,1.2828,2.2724,0.0039
1,CTGAN,0.0009266619938213675,0.01876396645064366,0.1935793460718159,0.6982007859223135,-3.1484722318606577,0.3609885180190657,0.8212011076497059,0.05677371409078726,0.05740738356082057,0.1074846160476293,4.0861,1.1418,4.1814,0.0023
2,convexCTGAN,0.14389363101380717,0.0,0.10275288652361111,0.5800969573209532,-7.313629360655623,0.25642637510804783,0.6144686742817584,0.03190321583178726,0.038757263405919895,0.11018490908054612,4.0729,1.188,4.5226,0.0026
3,CTABGAN,2.3673516085870593e-06,0.17477106395991715,0.2808325951174324,0.7806397328989485,-3.1617986921644308,0.3591123702882413,0.839858082381447,0.01237467612932297,0.019943042764255688,0.114339166477497,4.1169,1.0253,2.9598,-0.0002
4,convexCTABGAN,0.00013687893761920943,0.0,0.2670073137938613,0.7827723771581802,-2.789539596623849,0.36321620003556065,0.802613361024576,0.10400948258091117,0.11290161052214903,0.11138823742326319,4.105,1.0718,3.1165,0.0009
5,TabDDPM,0.0768917139772991,0.06498624110355306,0.1573090154534161,0.6664551863177737,-2.2227795541886137,0.3111199513352356,0.19913464866735908,0.03236601156955139,0.039786899397367334,0.09630381604156381,4.0528,1.255,4.2886,0.0037
