,Model,Student-T-test,KL divergence,PropensityScore,PredictRealOrSyn,Log Cluster Metric,Feature Correlations Difference,Cross-validation,F-1 score,Geometric Mean,Feature-consistency,EuclideanDistance_Mean,EuclideanDistance_Std,HausdorffDistance,CosineSimilarity
0,NextConvGeN,0.6997332872563994,0.0,0.018971336475056083,0.48230768779549404,-11.554530483443026,0.027099167943827822,3.4614053305515036e-05,0.0,0.0,0.05623571328728781,4.044,1.2828,2.2724,0.0039
1,CTGAN,0.0009266619938213675,0.01876396645064366,0.19465477893827662,0.7010183982554057,-3.1484722318606577,0.3609885180190657,0.8212011076497059,0.05677371409078726,0.05740738356082057,0.1074846160476293,4.0861,1.1418,4.1814,0.0023
2,convexCTGAN,0.08961875927298128,0.0,0.12305218698752593,0.5946362122734408,-5.33376274180672,0.2642501547642266,0.6143994461751472,0.017612634279300945,0.024240529150843453,0.09867114258763654,4.0734,1.1865,3.5562,0.0023
3,CTABGAN,2.3673516085870593e-06,0.17477106395991715,0.28086719363124163,0.7813723336315492,-3.1617986921644308,0.3591123702882413,0.839858082381447,0.01237467612932297,0.019943042764255688,0.114339166477497,4.1169,1.0253,2.9598,-0.0002
4,convexCTABGAN,6.000223513964995e-06,0.0,0.22384457928664045,0.732805709412627,-2.8182645605281893,0.37354570799636955,0.8286431291104189,0.00698095941998381,0.0036848384299465395,0.1071129644443271,4.1075,1.0622,3.3043,0.0012
5,TabDDPM,0.0768917139772991,0.06498624110355306,0.1573090152588642,0.6664551863177737,-2.2227795541886137,0.3111199513352356,0.19913464866735908,0.03236601156955139,0.039786899397367334,0.09630381604156381,4.0528,1.255,4.2886,0.0037
