,Model,Accuracy,F1_score,RMSE
0,NextConvGeN,0.5677083333333334,0.5668949077650921,1.2826272410784187
1,CTGAN,0.15364583333333334,0.15759544273198656,1.4152441495861487
2,convexCTGAN,0.15885416666666666,0.1570595315874547,1.4342570774035557
3,CTABGAN,0.15885416666666666,0.14689055205364374,1.4290692204534687
4,convexCTABGAN,0.09635416666666667,0.09485344342522911,1.4185286480793797
5,TabDDPM,0.4869791666666667,0.4819816656415221,1.2593649013884616
