,Model,Student-T-test,KL divergence,PropensityScore,PredictRealOrSyn,Log Cluster Metric,Feature Correlations Difference,Cross-validation,F-1 score,Geometric Mean,Feature-consistency,EuclideanDistance_Mean,EuclideanDistance_Std,HausdorffDistance,CosineSimilarity
0,NextConvGeN,0.7612943896012977,0.0005238989236200954,0.03139769887385009,0.5051239021433787,-9.046522681401639,0.033170571562797464,0.006404657933042124,0.0033597342535839625,0.003816067590556721,0.016210627507072573,4.4811,1.3855,3.1978,0.0056
1,CTGAN,0.2295720657755198,0.013869368943300748,0.09509538164592327,0.5974164817733342,-8.264201434798377,0.06634122786239414,0.3513828238719068,0.02863181549603302,0.02765288979284114,0.07098774880123063,4.4926,1.3476,4.3095,0.0061
2,convexCTGAN,0.2133819289960096,0.012434873958880151,0.055010708544006054,0.5691925313204934,-7.354929005070328,0.05550233618226186,0.11761280931586615,0.3287715186951014,0.3264120365392305,0.04168904471545084,4.4917,1.3507,3.9429,0.0055
3,CTABGAN,8.483081854121167e-23,0.15079223171603806,0.3171677876743291,0.8320767126475952,-2.5039435024284167,0.10854706732936305,0.6879184861717612,0.00016423091335139584,0.003765338862512617,0.0722371144091768,4.5749,1.0346,3.3036,0.0008
4,convexCTABGAN,7.968062719132432e-05,0.013818237270216593,0.05285273361288088,0.5584770361098392,-6.51187508119365,0.1118333901733611,0.6838427947598253,0.12676024940067726,0.13324767992677886,0.06994585250460521,4.5323,1.2077,4.4334,0.0039
5,TabDDPM,0.7591135807450132,0.00011615618237376734,0.010882557793321288,0.48235691928654906,-17.22539491233827,0.005026495354760215,0.0029112081513829047,0.0010322491149787338,0.002880534855259423,0.008107109950834513,4.4854,1.3715,2.0631,0.0057
