,Model,Accuracy,F1_score,RMSE
0,NextConvGeN,0.8071028588269967,0.8063064312729659,
1,CTGAN,0.5606395520188624,0.5817628538900143,
2,convexCTGAN,0.6494989684644857,0.6499119651356913,
3,CTABGAN,0.3514588859416446,0.40207187527162347,
4,convexCTABGAN,0.47671676982021804,0.5154101922060511,
5,TabDDPM,0.8342175066312998,0.8331121899754965,
