,Model,Student-T-test,KL divergence,PropensityScore,PredictRealOrSyn,Log Cluster Metric,Feature Correlations Difference,Cross-validation,F-1 score,Geometric Mean,Feature-consistency,EuclideanDistance_Mean,EuclideanDistance_Std,HausdorffDistance,CosineSimilarity
0,NextConvGeN,0.6717999207338564,0.0016232684726563106,0.018565811276549903,0.437411735237587,-9.203767745161265,0.038411750931999986,0.040474683544303613,0.028149647118069186,0.024900642973656552,0.03038016817202375,4.2496,1.9852,4.9944,0.0147
1,CTGAN,0.15357855373519608,0.009499367377340362,0.2226192110066274,0.7541554570376401,-5.341874201880034,0.09701026995340767,0.5554430379746836,0.1883475786922686,0.22080985239813772,0.06822940724354747,4.3495,1.7555,7.2445,0.0083
2,convexCTGAN,0.26935536137725113,0.02369173716428763,0.2223065879816222,0.7525839049196474,-4.3983489251018835,0.11896698569519847,0.4797468354430381,0.023322757891562792,0.019602185003765628,0.06502600213921503,4.3086,1.8536,7.8582,0.0097
3,CTABGAN,0.013442511722934623,0.07553942697091807,0.2832984820751351,0.8297699009751881,-2.0845219136230577,,0.5580063291139241,0.119960600824017,0.13479636958248314,0.06427664210334356,4.2699,1.6637,16.7969,0.0035
4,convexCTABGAN,0.013013066831663346,0.06142596586878607,0.2360606387150081,0.7857449884515788,-2.481380871665863,,0.5730379746835443,0.02126145572699788,0.015937728949410895,0.0591447261724203,4.3426,1.4635,4.0227,0.0031
5,TabDDPM,0.515333788349992,0.0006936545950782819,0.03919804829470322,0.5260880815371916,-6.025804823720927,0.06457925987734152,0.005126582278480951,0.02126145572699788,0.015937728949410895,0.021388322248535208,4.1917,2.1046,7.3532,0.0171
