,Model,Student-T-test,KL divergence,PropensityScore,PredictRealOrSyn,Log Cluster Metric,Feature Correlations Difference,Cross-validation,F-1 score,Geometric Mean,Feature-consistency,EuclideanDistance_Mean,EuclideanDistance_Std,HausdorffDistance,CosineSimilarity
0,NextConvGeN,0.6717999207338564,0.0016232684726563106,0.018561767451632266,0.43348270422888363,-9.203767745161265,0.038411750931999986,0.040474683544303613,0.028149647118069186,0.024900642973656552,0.03038016817202375,4.2496,1.9852,4.9944,0.0147
1,CTGAN,0.15357855373519608,0.009499367377340362,0.22261875287093766,0.7541554570376401,-5.341874201880034,0.09701026995340767,0.5554430379746836,0.1883475786922686,0.22080985239813772,0.06822940724354747,4.3495,1.7555,7.2445,0.0083
2,convexCTGAN,0.11591368734854982,0.035656896411373706,0.25024294630670263,0.7618708196897666,-3.5058233410070887,0.1036745043139798,0.4900000000000001,0.15655238426731638,0.16672806506269267,0.06696988600182152,4.3229,1.8202,7.9965,0.0093
3,CTABGAN,0.013442511722934623,0.07553942697091807,0.2831978713083197,0.8272908177049656,-2.0845219136230577,,0.5580063291139241,0.119960600824017,0.13479636958248314,0.06427664210334356,4.2699,1.6637,16.7969,0.0035
4,convexCTABGAN,0.017893487790971364,0.07154080666436788,0.24000493433746797,0.8154496554250057,-2.3719620317358796,,0.5529113924050634,0.11535142280292002,0.1149284954546642,0.06280118871242366,4.3449,1.4566,3.7389,0.0028
5,TabDDPM,0.515333788349992,0.0006936545950782819,0.03920187954348065,0.5249414021296427,-6.025804823720927,0.06457925987734152,0.005126582278480951,0.02126145572699788,0.015937728949410895,0.021388322248535208,4.1917,2.1046,7.3532,0.0171
