,Model,Accuracy,F1_score,RMSE
0,NextConvGeN,0.3957597173144876,0.3771461351637583,1.2741333277854499
1,CTGAN,0.3710247349823322,0.31825695830908474,1.3432359240258753
2,convexCTGAN,0.2862190812720848,0.30335097167155417,1.4321862841800599
3,CTABGAN,0.392226148409894,0.2508833922261484,1.2327328498942434
4,convexCTABGAN,0.37809187279151946,0.2897867075298015,1.1830668309552035
5,TabDDPM,0.3462897526501767,0.3560457751687778,1.2359510128719002
