,Model,Accuracy,F1_score,RMSE
0,NextConvGeN,0.6251833740831295,0.6211798006996669,1.3298094509099851
1,CTGAN,0.5206193969030155,0.5403576966703045,1.5203604465275669
2,convexCTGAN,0.5904645476772615,0.5934226364009291,1.3143788040181221
3,CTABGAN,0.38818255908720456,0.43561284491670466,1.367452062199615
4,convexCTABGAN,0.5056234718826407,0.5184473697582921,1.4651502935015341
5,TabDDPM,0.6757131214343928,0.6758795542990734,1.209729726526624
