,Model,Student-T-test,KL divergence,PropensityScore,PredictRealOrSyn,Log Cluster Metric,Feature Correlations Difference,Cross-validation,F-1 score,Geometric Mean,Feature-consistency,EuclideanDistance_Mean,EuclideanDistance_Std,HausdorffDistance,CosineSimilarity
0,NextConvGeN,0.642034186952717,0.0005937835835138897,0.02931421956665241,0.5175975107586476,-9.802489716614863,0.03159318690616326,0.01630276564774369,0.040695760158296554,0.041594293081196054,0.01870891370207024,4.4811,1.3856,2.6867,0.0056
1,CTGAN,1.0421618223986394e-05,0.013499644896547477,0.09812358590726959,0.5941165556449634,-5.568066846388015,0.04462456918481453,0.3333333333333335,0.033284589505246126,0.04435969509802547,0.06889897112926115,4.4859,1.3699,4.4977,0.0063
2,convexCTGAN,0.0065114297790747,0.015981462613127873,0.07081534946492525,0.5623595162854721,-8.788080885686808,0.035741610984067536,0.12838427947598285,0.0031599950089185175,0.029198404786722865,0.04663278426622565,4.494,1.3431,4.6527,0.0054
3,CTABGAN,0.14527272957201373,0.15846233284715047,0.3029539615263488,0.831030091358774,-4.353312179949063,0.1082840646244407,0.6739446870451239,0.02946803782951392,0.026685282647811503,0.07559873567911293,4.5732,1.0421,3.3705,0.0009
4,convexCTABGAN,3.2742108182252566e-11,0.022952468110964703,0.0719043433026462,0.6067592561271928,-7.727043829300498,0.11108606476290622,0.6762736535662301,0.040715447471856306,0.04161356906328825,0.0728086107220173,4.5385,1.1842,4.2248,0.0039
5,TabDDPM,0.610747965851037,0.00042072934007468917,0.01682166530812816,0.47559337831981774,-11.358860081162403,0.007106376092048721,0.0014556040756915634,0.0056600427456182795,0.004294726070143917,0.011884495034463172,4.4788,1.3929,1.4409,0.0057
