,Model,Student-T-test,KL divergence,PropensityScore,PredictRealOrSyn,Log Cluster Metric,Feature Correlations Difference,Cross-validation,F-1 score,Geometric Mean,Feature-consistency,EuclideanDistance_Mean,EuclideanDistance_Std,HausdorffDistance,CosineSimilarity
0,NextConvGeN,0.642034186952717,0.0005937835835138897,0.029177512534449467,0.5180697047262808,-9.802489716614863,0.031593186373978926,0.01630276564774369,0.040695760158296554,0.041594293081196054,0.01870891370207024,4.4811,1.3856,2.6867,0.0056
1,CTGAN,1.0421618223986336e-05,0.013499644896547477,0.09887956707171124,0.5932159064338552,-5.568066846388015,0.04462456971699885,0.3333333333333335,0.033284589505246126,0.04435969509802547,0.06889897112926115,4.4859,1.3699,4.4977,0.0063
2,convexCTGAN,0.4278869901901839,0.02745528839317525,0.08167513448759818,0.5669672469808763,-8.260648939354926,0.0589813908894113,0.12430858806404688,0.03603759799980458,0.03812909057809357,0.04661088509614484,4.49,1.3563,3.5361,0.0054
3,CTABGAN,0.14527272957201373,0.15846233284715047,0.30295399972619685,0.8309561742709924,-4.353312179949063,0.10828406515662503,0.6739446870451239,0.02946803782951392,0.026685282647811503,0.07559873567911293,4.5732,1.0421,3.3705,0.0009
4,convexCTABGAN,0.012915511454772634,0.03084645914529706,0.0839520075591811,0.6210753523142392,-5.643056009369088,0.10561649361690471,0.6719068413391559,0.02765233305614875,0.02438155309314028,0.07574980109440521,4.5357,1.1947,4.4623,0.0041
5,TabDDPM,0.610747965851037,0.00042072934007468917,0.017552718197714277,0.4784937357651177,-11.358860081162403,0.00710637662423305,0.0014556040756915634,0.0056600427456182795,0.004294726070143917,0.011884495034463172,4.4788,1.3929,1.4409,0.0057
