,Model,Student-T-test,KL divergence,PropensityScore,PredictRealOrSyn,Log Cluster Metric,Feature Correlations Difference,Cross-validation,F-1 score,Geometric Mean,Feature-consistency,EuclideanDistance_Mean,EuclideanDistance_Std,HausdorffDistance,CosineSimilarity
0,NextConvGeN,0.45388534690650756,0.0019065172026274714,0.0014699946871831791,0.4599253703381079,-10.736769407749275,0.012253412813179553,0.02602739726027392,0.08213878958700718,0.07536554371325918,0.02941055307488496,5.5663,1.7368,3.1548,0.0065
1,CTGAN,0.027313934228263878,0.034132878001857464,0.05983211346425077,0.6983135801112086,-7.618727386759207,0.08800848966755773,0.68013698630137,0.009264519020409118,0.009199476136655858,0.7802972298844097,5.6704,1.359,6.2665,0.0024
2,convexCTGAN,0.3032479242988091,0.013165440229781828,0.016847512838310968,0.6369489507397212,-9.070687151779842,0.0494728699739751,0.2904109589041095,0.08566757555252233,0.09342265054923796,0.495098718910527,5.6189,1.5582,6.4095,0.0051
3,CTABGAN,6.038804152363237e-09,0.3854772984085936,0.1922155024789539,0.9422424545886484,-1.555345019503811,,0.678082191780822,0.0096198764585212,0.011288606830730435,0.7219335917868499,5.622,1.1805,4.4672,0.0001
4,convexCTABGAN,3.883679824814657e-15,0.09118706503157603,0.1267990365356156,0.8482965128005299,-1.7435101731920661,,0.68013698630137,0.006221263688432996,0.0015027730248641513,0.7748261938026093,5.6056,1.256,5.3593,0.0015
5,TVAE,0.17194535081945453,0.06821404728684233,0.035876881836759904,0.624174042656914,-6.047858506271418,0.020337654495618425,0.22671232876712333,0.13482009654517982,0.1335806037514997,0.3397165416629042,5.4444,1.8326,17.5731,0.0072
6,TabDDPM,0.6444972714874752,0.0008292057596119336,0.0014546878748504142,0.44939837813881167,-12.24752595195425,0.009944769427186216,0.03698630136986303,0.012941880152973033,0.0115720729151874,0.029956237269443034,5.565,1.7408,1.37,0.0069
