,Model,Student-T-test,KL divergence,PropensityScore,PredictRealOrSyn,Log Cluster Metric,Feature Correlations Difference,Cross-validation,F-1 score,Geometric Mean,Feature-consistency,EuclideanDistance_Mean,EuclideanDistance_Std,HausdorffDistance,CosineSimilarity
0,NextConvGeN,0.19423377627230187,0.004159935025307267,0.0016598760382842898,0.474213505740681,-8.726276327618377,0.036211533545027805,0.0008733624454148048,0.5840742245662293,0.4855798608029129,0.005693012607358628,4.4383,1.517,2.6277,0.0079
1,CTGAN,0.0015461521809521954,0.017411241729182854,0.01884307098677135,0.6195340158122496,-8.91052299300593,0.07569091934737661,0.0005822416302766475,0.5840742245662293,0.4855798608029129,0.008237868027266749,4.4658,1.4342,4.1985,0.0068
2,convexCTGAN,1.9542061119725126e-05,0.01119967708924603,0.009864754421958118,0.6166577492664265,-7.99656941343249,0.02398076019421663,0.0029112081513827937,0.4673017514950699,0.372774731398223,0.006774893092781231,4.4691,1.4237,3.9128,0.0067
3,CTABGAN,6.594567168326414e-11,0.1611039653222765,0.11988669182356577,0.8309275128519289,-2.6019736688232458,0.10288216087715624,0.0005822416302766475,0.2224821134871321,0.17276902296846036,0.02189227747784247,4.534,1.2013,3.8858,0.002
4,convexCTABGAN,0.0035867933432532605,0.011510317466423517,0.008707487797586485,0.5992466786144487,-7.750412461826081,0.09748315073532439,0.001164483260553184,0.5840742245662293,0.4855798608029129,0.01098132260471817,4.491,1.353,4.88,0.0056
5,TabDDPM,0.44389299719494907,0.0007433426751977071,0.0010852840609984228,0.49221186494862906,-11.158693164048438,0.0036148531595614954,0.0017467248908297206,0.31011888111646385,0.3115970123598234,0.0034895388602940725,4.4322,1.5347,2.2772,0.0078
