,Model,Student-T-test,KL divergence,PropensityScore,PredictRealOrSyn,Log Cluster Metric,Feature Correlations Difference,Cross-validation,F-1 score,Geometric Mean,Feature-consistency,EuclideanDistance_Mean,EuclideanDistance_Std,HausdorffDistance,CosineSimilarity
0,NextConvGeN,0.035607610034943206,0.002647688806368524,0.0474802612479772,0.7126841858889302,-2.068305879158633,0.25773714748616294,0.05737514518002329,0.0,0.0,0.02007611373646744,4.9458,1.2406,4.2398,0.0001
1,CTGAN,0.10016766428115972,0.005390060057146637,0.17819162749010548,0.6518282250958147,-10.682951346302042,0.03529313842472312,0.48757259001161446,0.0,0.0,0.058622756213635545,4.9664,1.1553,5.0947,0.0009
2,convexCTGAN,0.20406368580769388,0.02093228998669634,0.20183746935419103,0.7316528029547229,-10.682951346302042,0.04343180987936967,0.5023228803716608,0.04937404338095858,0.04713657076844868,0.07031637376613169,4.9578,1.1918,5.0162,0.0009
3,CTABGAN,0.09210083073808502,0.026326070290043507,0.3509421014024187,0.855261382225919,-2.0540836703955265,0.041057262186155095,0.48792102206736343,0.0,0.0,0.05911451095542125,4.9996,1.002,3.8469,0.0004
4,convexCTABGAN,0.11914596578707405,0.02101906714739375,0.31123158121027256,0.8380773431229358,-1.9605789082306229,0.0507227750625515,0.602903600464576,0.04449036122028821,0.0647629348108793,0.07811956327685517,4.9992,1.0041,3.8923,0.0002
5,TabDDPM,0.15828775761366412,0.0010636115667558114,0.10269219173350404,0.6114549309085336,-2.0754030640904966,0.10699023202579747,0.28211382113821126,0.0,0.0,0.05467119472337951,4.9319,1.2946,4.9285,0.0019
