,Model,Student-T-test,KL divergence,PropensityScore,PredictRealOrSyn,Log Cluster Metric,Feature Correlations Difference,Cross-validation,F-1 score,Geometric Mean,Feature-consistency,EuclideanDistance_Mean,EuclideanDistance_Std,HausdorffDistance,CosineSimilarity
0,NextConvGeN,0.035607610034943206,0.002647688806368524,0.04748026124797905,0.7126841858889302,-2.068305879158633,0.2577371536251309,0.05737514518002329,0.0,0.0,0.02007611373646744,4.9458,1.2406,4.2398,0.0001
1,CTGAN,0.10016766428115972,0.005390060057146637,0.18094381524966044,0.6518282250958147,-10.682951346302042,0.03529313847905027,0.48757259001161446,0.0,0.0,0.058622756213635545,4.9664,1.1553,5.0947,0.0009
2,convexCTGAN,0.048618283853965785,0.014469147262436373,0.18772448547002052,0.7029300539477935,-8.486825787641486,0.04949527445986139,0.4211382113821138,0.16408631620667696,0.14504797022745552,0.06010598973080351,4.9697,1.1413,4.9677,0.0009
3,CTABGAN,0.09210083073808502,0.026326070290043507,0.350942093478125,0.855261382225919,-2.0540836703955265,0.04105725604718712,0.48792102206736343,0.0,0.0,0.05911451095542125,4.9996,1.002,3.8469,0.0004
4,convexCTABGAN,0.022443569052005653,0.05549077831756208,0.2816439764354755,0.8285418175205409,-2.0438920331707298,0.05651572884182647,0.5548199767711963,0.0,0.0,0.06123884751370812,5.0,0.9998,3.8294,0.0002
5,TabDDPM,0.1582877576136641,0.0010636115667558114,0.10269219232215884,0.6114549309085336,-2.0754030640904966,0.10699023816476544,0.28211382113821126,0.0,0.0,0.05467119472337951,4.9319,1.2946,4.9285,0.0019
