Model,f1score_mean,f1score_std,RMSE_mean,RMSE_std
CART,0.7195078821425105,0.005264182398583596,1.3761011494896471,0.020282875989110372
CTABGAN,0.5692880258703924,0.017153105547973394,1.402455997318156,0.06718051274950924
CTGAN,0.6752869912455903,0.012198907324600407,1.4781016696859868,0.03982381103337426
DataSynth,0.5257679519744819,0.010844090136797534,1.5979948620507858,0.020654646160735857
GReaT,0.7264619129872326,0.00546484580665932,1.3384097072864416,0.014779141325247888
NextConvGeN,0.7323061654039513,0.0035238320704037134,1.310489489885395,0.020304385458456056
TabDDPM,0.767561524414498,0.003476782719703931,1.2410349980002697,0.0601575705010715
