,Model,Student-T-test,KL divergence,PropensityScore,PredictRealOrSyn,Log Cluster Metric,Feature Correlations Difference,Cross-validation,F-1 score,Geometric Mean,Feature-consistency,EuclideanDistance_Mean,EuclideanDistance_Std,HausdorffDistance,CosineSimilarity
0,NextConvGeN,0.6689718811495199,0.0027673429640269025,0.023158625422036682,0.45304639151816134,-12.739485296545274,0.007163551212777191,0.013698630136986356,0.05485126038196392,0.031311200618099444,0.0054624925482223904,5.5811,1.6885,3.8168,0.0048
1,CTGAN,0.016274568642801968,0.02608810530883465,0.14306532132972144,0.6515487213742625,-4.893801540865895,0.10716356731624607,0.49109589041095886,0.07307541207465479,0.08536243108235242,0.01206046685797935,5.6722,1.3513,6.085,0.0024
2,convexCTGAN,0.24539384538675266,0.01994188309157741,0.09425058103823859,0.639612245291962,-11.79328455652416,0.03559444746855721,0.15821917808219166,0.16213916653642504,0.19447210584708988,0.013134308498822418,5.6456,1.4583,5.7809,0.0035
3,CTABGAN,1.4615310009645625e-11,0.38704436622334815,0.426216166962257,0.9477751571552042,-1.533728553572677,,0.5047945205479452,0.021879052435550606,0.052664095355811735,0.00950735462384451,5.6227,1.1768,4.333,0.0001
4,convexCTABGAN,1.2098655225981526e-09,0.07286000990233459,0.304805448705448,0.8582214252299766,-1.876429449604637,,0.5260273972602739,0.07664133660782757,0.11098121059864918,0.010129204114538486,5.6063,1.2529,5.0837,0.0017
5,TabDDPM,0.6256218216567316,0.001457276586060783,0.026556170056140128,0.4421559828997227,-10.98723739684167,0.01552513647670338,0.025342465753424914,0.27069955607854734,0.2940383464189804,0.006481370357115344,5.5756,1.7066,4.3156,0.0051
