,Model,Accuracy,F1_score,RMSE
0,NextConvGeN,0.6901041666666666,0.6904278965573276,1.24281400529848
1,CTGAN,0.578125,0.5648306197478992,1.5021544643671658
2,CTABGAN,0.6015625,0.6076095314903035,1.4096922285939164
3,TabDDPM,0.5494791666666666,0.5636949412513746,1.5597097254766787
4,CART,0.6848958333333334,0.6838703645894304,1.3375273428540377
5,DataSynth,0.6067708333333334,0.5973885882260804,1.6675051631675495
6,GReaT,0.5234375,0.5326335318182155,1.39904910295561
