,Model,Accuracy,F1_score,RMSE
0,NextConvGeN,0.6901041666666666,0.6904278965573275,1.24281400529848
1,CTGAN,0.578125,0.5648306197478993,1.5021544643671658
2,convexCTGAN,0.5859375,0.5872106352154245,1.465934244653947
3,CTABGAN,0.6015625,0.6076095314903035,1.4096922285939164
4,convexCTABGAN,0.5911458333333334,0.5990353251118024,1.4489610414311185
5,TabDDPM,0.5416666666666666,0.5558943089430894,1.562798833981295
