,Model,Student-T-test,KL divergence,PropensityScore,PredictRealOrSyn,Log Cluster Metric,Feature Correlations Difference,Cross-validation,F-1 score,Geometric Mean,Feature-consistency,EuclideanDistance_Mean,EuclideanDistance_Std,HausdorffDistance,CosineSimilarity
0,NextConvGeN,0.44089899692703916,0.004041143528800599,0.005937509993421375,0.4786715014486571,-12.017111509119129,0.007609506190325243,0.06469344608879501,0.0,0.0,0.02267405996937127,5.5478,1.1053,3.3247,0.0007
1,CTGAN,3.022094955797988e-20,0.01346322390292661,0.0650024984875455,0.7384088375392722,-6.200972317683097,0.012994807738738888,0.03699788583509511,0.0,0.0,0.06097889443321916,5.5945,0.8375,4.8046,0.0004
2,convexCTGAN,0.3294567191887784,0.03353246098029277,0.039481537311601485,0.6225947262037548,-4.371489375251814,0.012746796473371869,0.04630021141649043,0.0,0.0,0.10398913249699324,5.5896,0.8694,4.8634,0.0001
3,CTABGAN,0.013234843893488014,0.012657535050261478,0.02494179028145161,0.5644221751079568,-5.47116853298987,,0.03699788583509511,0.0,0.0,0.04605703687133946,5.5094,0.8044,4.6382,0.0003
4,convexCTABGAN,0.01208173701625747,0.012766970413646805,0.023657207169208144,0.5632835328832764,-7.965356314219252,0.013059461555541808,0.05539112050739947,0.0,0.0,0.10488234253567336,5.5965,0.824,4.7894,0.0003
5,TabDDPM,0.6643774174483044,0.0019292689744921396,0.006567304307930213,0.4573145505183449,-8.210950220226625,0.006772787984837387,0.023150105708245383,0.0,0.0,0.03699265426786582,5.5454,1.1174,3.4552,0.0008
