,Model,Student-T-test,KL divergence,PropensityScore,PredictRealOrSyn,Log Cluster Metric,Feature Correlations Difference,Cross-validation,F-1 score,Geometric Mean,Feature-consistency,EuclideanDistance_Mean,EuclideanDistance_Std,HausdorffDistance,CosineSimilarity
0,NextConvGeN,0.019294234398610235,0.006301746371659039,0.0028622293659669373,0.622652894120718,-2.0721575665072556,0.2163671530513771,0.14085330216247816,0.04145191518533034,0.04131924623915448,0.05755812014554248,5.905,1.7693,5.1072,0.0019
1,CTGAN,0.14785291612639884,0.00849042244802595,0.09571529199962679,0.7871436317228293,-4.26141475513635,0.10071892063862255,0.09222676797194629,0.2154517964768783,0.22593414534191208,0.04344785088784833,5.9682,1.5428,6.68,0.0033
2,convexCTGAN,0.09734461290524198,0.011031946066559172,0.08871968682591008,0.8071624833123703,-2.928935739668416,0.10558298802897036,0.05797779076563414,0.07108505211013391,0.05938731736410663,0.07073776787455072,5.984,1.4804,6.3525,0.0028
3,CTABGAN,0.006952675671030834,0.22463172607507265,0.0655594385424683,0.7556165157862951,-1.9923579257525343,,0.15353594389246056,0.07108505211013391,0.05938731736410663,0.13692460071517237,5.9443,1.2906,4.804,0.0003
4,convexCTABGAN,0.08746880995329441,0.20869503351280755,0.06795213406147223,0.7494486486094933,-1.8723227736415162,0.10142481685516842,0.07486849795441264,0.07618240706208718,0.07625614198153047,0.04553380424102966,6.0231,1.3122,4.9911,0.0001
5,TabDDPM,0.17651271328428864,0.04461120169792088,0.03817896260575573,0.6276793367623881,-2.519734655303368,0.19336217861398053,0.1953828170660432,0.06441247435321881,0.052721842582700656,0.030261551030716864,5.9247,1.7023,6.3362,0.0082
