,Model,Accuracy,F1_score,RMSE
0,NextConvGeN,0.7949468085106384,0.7867145480614001,
1,CTGAN,0.7656914893617021,0.7539283605488081,
2,convexCTGAN,0.7401595744680851,0.7441376649612577,
3,CTABGAN,0.6156914893617021,0.6130509704746926,
4,convexCTABGAN,0.5757978723404255,0.5841991256201415,
5,TabDDPM,0.7906914893617021,0.7857214763150889,
