,Model,Accuracy,F1_score,RMSE
0,NextConvGeN,0.7949468085106384,0.7868928054959294,
1,CTGAN,0.7656914893617021,0.7539283605488081,
2,CTABGAN,0.6156914893617021,0.6130509704746927,
3,TabDDPM,0.7906914893617021,0.7857214763150889,
4,CART,0.7949468085106383,0.771059766378164,
5,DataSynth,0.5319148936170214,0.5862010248412142,
6,GReaT,0.801063829787234,0.7577814150764909,
