,Model,Accuracy,F1_score,RMSE
0,NextConvGeN,0.6060606060606061,0.6019053348915663,1.081911374878987
1,CTGAN,0.5390749601275917,0.547378386912441,1.4717479009717005
2,convexCTGAN,0.5127591706539075,0.5216293695888171,1.46342535632236
3,CTABGAN,0.3995215311004785,0.42574999066511415,1.3992488467591406
4,convexCTABGAN,0.3468899521531101,0.37361326654055443,1.495467036576613
5,TabDDPM,0.5677830940988836,0.5190995174535816,1.5539454088410811
