,Model,Accuracy,F1_score,RMSE
0,NextConvGeN,0.6060606060606061,0.6019053348915663,1.081911374878987
1,CTGAN,0.5390749601275917,0.547378386912441,1.4717479009717005
2,CTABGAN,0.3995215311004785,0.4257499906651141,1.3992488467591406
3,TabDDPM,0.5677830940988836,0.5190995174535816,1.5539454088410811
4,CART,0.5733652312599681,0.5653096492820401,1.4300176788181929
5,DataSynth,0.3692185007974482,0.30684057099595563,1.514716224043212
6,GReaT,0.583732057416268,0.5688438975537161,1.2591073712000653
