,Model,Student-T-test,KL divergence,PropensityScore,PredictRealOrSyn,Log Cluster Metric,Feature Correlations Difference,Cross-validation,F-1 score,Geometric Mean,Feature-consistency,EuclideanDistance_Mean,EuclideanDistance_Std,HausdorffDistance,CosineSimilarity
0,NextConvGeN,0.6348620620310423,0.04248124950079118,0.11684034186774765,0.568450448513192,-14.896463696804238,0.01979129095020353,0.02497628534429297,0.18102410045251835,0.16509911358393797,0.005803083989229861,8.3255,1.9199,9.6277,0.0015
1,CTGAN,1.4636731747413475e-05,0.027676845439732835,0.22034944763494402,0.7233360221632957,-6.133741922990799,0.04755878791339664,0.34104461938599706,0.07929568188239253,0.056074355465847436,0.015496348508479668,8.4542,1.5898,10.4744,0.001
2,convexCTGAN,0.23771692431064692,0.04979294008767855,0.22666858705314633,0.7203604734501879,-8.516251180720962,0.035021266750123056,0.1945822089816086,0.016479646237663473,0.0005636532558403462,0.013832992632287591,8.3655,1.7372,8.7881,0.0016
3,CTABGAN,2.4389708062846333e-33,0.05993876526248477,0.2948164544788752,0.809966564627711,-3.6301765115516202,0.04618810287447818,0.6336978041174416,0.0037121324546871837,0.03911770015509361,0.01896361340998587,8.4998,1.3244,7.9562,0.0004
4,convexCTABGAN,0.3602248768867392,0.0327129725020572,0.11375476432644568,0.5909430045829434,-7.476180461541771,0.04572032913144004,0.6365182804411076,0.09038944540355617,0.05620578316063557,0.01740182428216669,8.4079,1.5192,8.9206,0.0008
5,TabDDPM,0.15959715651174622,0.010972421199997952,0.09729013992272918,0.5684703833784371,-8.112479502784831,0.022763698118862037,0.019189710278076144,0.13997993334020123,0.11857761273035744,0.006113877703150898,8.3776,1.9534,6.2465,0.0017
