,Model,Accuracy,F1_score,RMSE
0,NextConvGeN,0.6140350877192983,0.6069871338203838,1.0296476474941554
1,CTGAN,0.5614035087719299,0.5562534582327074,1.4585667230684747
2,CTABGAN,0.3516746411483253,0.3749515990552932,1.2977781797059542
3,TabDDPM,0.6156299840510367,0.5809687243076803,1.6482174841566362
4,CART,0.5853269537480065,0.5834316220469186,1.4326806806484043
5,DataSynth,0.42105263157894735,0.35637126207166553,1.3271812754390975
6,GReaT,0.6156299840510366,0.6104883505455628,1.3237583360483733
