,Model,Accuracy,F1_score,RMSE
0,NextConvGeN,0.6140350877192983,0.6069871338203838,1.0296476474941554
1,CTGAN,0.5614035087719299,0.5562534582327074,1.4585667230684747
2,convexCTGAN,0.5318979266347688,0.5397651858339813,1.5197287537294124
3,CTABGAN,0.3516746411483253,0.3749515990552932,1.2977781797059542
4,convexCTABGAN,0.4074960127591707,0.4299209217004611,1.475102399113147
5,TabDDPM,0.6156299840510367,0.5809687243076805,1.6482174841566362
