,Model,Accuracy,F1_score,RMSE
0,NextConvGeN,0.6219081272084805,0.606694008920824,1.3590828109028026
1,CTGAN,0.6395759717314488,0.6121973819781071,1.3882563141864448
2,convexCTGAN,0.6219081272084805,0.596630196968898,1.301767661438368
3,CTABGAN,0.6819787985865724,0.5530332274252457,1.1670377061745256
4,convexCTABGAN,0.6678445229681979,0.5786203138180228,1.1514747790513686
5,TabDDPM,0.6113074204946997,0.6187682598586184,1.083579614898032
