,Model,Accuracy,F1_score,RMSE
0,NextConvGeN,0.6289752650176679,0.617452933130077,1.359689601584447
1,CTGAN,0.6395759717314488,0.6121973819781071,1.3882563141864448
2,CTABGAN,0.6819787985865724,0.5530332274252457,1.1670377061745256
3,TabDDPM,0.6113074204946997,0.6187682598586184,1.083579614898032
4,CART,0.5759717314487632,0.5437616258565966,1.1727888183261808
5,DataSynth,0.5618374558303887,0.5665234224741028,1.674658681162849
6,GReaT,0.6183745583038869,0.5917254262056196,1.1805618269684457
