Dataset Name,Cross-validation_TVAE,Cross-validation_CTGAN,Cross-validation_convexCTGAN,Cross-validation_CTABGAN,Cross-validation_convexCTABGAN,Cross-validation_TabDDPM,Cross-validation_NextConvGeN
HeartFailure,0.0192799070847851,0.1199767711962833,0.1198606271777003,0.1767711962833914,0.1196283391405341,0.0192799070847851,0.0386759581881532
HeartDisease,0.1141749723145073,0.3272425249169435,0.2891472868217054,0.3031007751937985,0.2889258028792912,0.0664451827242524,0.051937984496124
IndianLiverPatients,0.0555696202531645,0.0025632911392404,0.0254113924050632,0.0075632911392405,0.0024050632911393,0.1416772151898734,0.1059810126582277
PimaIndianDiabetes,0.1286604361370718,0.1339044652128763,0.0392523364485981,0.1656801661474558,0.1376427829698857,0.0690723433714088,0.0782969885773625
ContraceptiveMethods,0.1835075376884422,0.1575175879396985,0.0761909547738692,0.1535125628140705,0.155537688442211,0.0410452261306532,0.0701909547738692
Obesity,0.2232876712328767,0.6883561643835616,0.3342465753424656,0.7054794520547945,0.6910958904109589,0.0308219178082191,0.013013698630137
