Dataset Name,F-1 score_TVAE,F-1 score_CTGAN,F-1 score_convexCTGAN,F-1 score_CTABGAN,F-1 score_convexCTABGAN,F-1 score_TabDDPM,F-1 score_NextConvGeN
HeartFailure,0.3170216621365621,0.2458237547892721,0.2458237547892721,0.2458237547892721,0.0,0.3411704834605597,0.0
HeartDisease,0.0569255016063526,0.1228596262494566,0.0,0.0,0.0854251012145749,0.2155992974042992,0.0241785820002317
IndianLiverPatients,0.0,0.4753387694150173,0.4753387694150173,0.026007391655337,0.0799579212551128,0.0,0.0
PimaIndianDiabetes,0.3388210786707027,0.0042901407933564,0.3388210786707027,0.0422453265310456,0.3296039286892216,0.0378109776606017,0.0368102561963008
ContraceptiveMethods,0.1402987205829514,0.0818558791815951,0.1064034536984641,0.1064034536984641,0.2303673356988567,0.0537136938669344,0.1064034536984641
Obesity,0.0410049309042324,0.0009114414629587,0.053266502828045,0.0191631666463389,0.0061686737878602,0.0299134986181944,0.0096123505908234
