Dataset Name,Feature-consistency_TVAE,Feature-consistency_CTGAN,Feature-consistency_convexCTGAN,Feature-consistency_CTABGAN,Feature-consistency_convexCTABGAN,Feature-consistency_TabDDPM,Feature-consistency_NextConvGeN
HeartFailure,0.0452874394410369,0.2157711612913447,0.1488820718917401,0.1868471865517575,0.2776507093555463,0.24578614840007,0.0504934813108426
HeartDisease,0.0497655623126622,0.2617586257918817,0.1364841232298081,0.2394917054859765,0.3118312228166724,0.0443181538248347,0.0411192225109203
IndianLiverPatients,0.0729428006185164,0.084475595412122,0.0337788301780986,0.0261209591701699,0.0859172028274091,0.0963494076985551,0.0237425446391993
PimaIndianDiabetes,0.0496718896240148,0.1087287576951144,0.0476057491984813,0.1296719217916554,0.0994696925691954,0.0311956658224387,0.034140007334791
ContraceptiveMethods,0.0115586456155561,0.1067869262317568,0.0780506793075968,0.1428088592853609,0.1228156670598114,0.0217220599204223,0.0268000393706616
Obesity,0.3683199683309955,0.8028389171776672,0.5034384923648687,0.8260248837787318,0.7748662570721596,0.0210250013552554,0.0233706220842037
