Dataset Name,Feature Correlations Difference_TVAE,Feature Correlations Difference_CTGAN,Feature Correlations Difference_convexCTGAN,Feature Correlations Difference_CTABGAN,Feature Correlations Difference_convexCTABGAN,Feature Correlations Difference_TabDDPM,Feature Correlations Difference_NextConvGeN
HeartFailure,0.0687801872080128,0.0440100283583514,0.0485682859450191,0.0499364893870638,0.0472940568596822,0.325344033050864,0.2232480201534083
HeartDisease,0.0825314792545593,0.1152638053957801,0.1154825011941366,0.1106948383051338,0.1100910309740804,0.0408117377542466,0.2693405252751619
IndianLiverPatients,0.1401327725991973,0.0937848789659241,0.0792007607041574,,,0.0420872128409064,0.0195272438919196
PimaIndianDiabetes,0.1640854566499477,0.1159097322013319,0.1426363749369764,0.1215637108231694,0.1142264323838204,0.1595480475099217,0.0491710261720502
ContraceptiveMethods,0.0509040251664474,0.0214361354700448,0.0301445818634723,0.0227599787126059,0.0220267681801892,0.006901439206154,0.0098593380688624
Obesity,0.0378787469193197,0.0884193237857458,0.0601785310907891,,,0.0061741873840234,0.0102453862325014
