Dataset Name,KL divergence_TVAE,KL divergence_CTGAN,KL divergence_convexCTGAN,KL divergence_CTABGAN,KL divergence_convexCTABGAN,KL divergence_TabDDPM,KL divergence_NextConvGeN
HeartFailure,0.1655728219915681,0.0036691923824113,0.0080321215577387,0.0309983103281059,0.0489340245377408,0.0589554039009576,0.0039195396488714
HeartDisease,0.0784833806119955,0.0052560214815932,0.0193434887844701,0.2264155284223354,0.2297360821468742,0.0066473758657665,0.0175644937727557
IndianLiverPatients,0.3503734591202561,0.0243744069618073,0.062495613854341,0.08230623204629,0.0553523415509895,0.0001448775613407,8.107032866874666e-05
PimaIndianDiabetes,0.0,0.032615669301043,0.0,0.2246347832557682,0.180425160669562,0.0,0.0
ContraceptiveMethods,0.126541595906558,0.0110226438625175,0.0223285735190893,0.2353182842028611,0.1619971184360514,0.001403710819778,0.0048826928333486
Obesity,0.0545152836497521,0.0177482003884729,0.0122421820882667,0.3659085512803238,0.0937012618919646,0.0013313434213811,0.0020369337758329
