Dataset Name,Log Cluster Metric_TVAE,Log Cluster Metric_CTGAN,Log Cluster Metric_convexCTGAN,Log Cluster Metric_CTABGAN,Log Cluster Metric_convexCTABGAN,Log Cluster Metric_TabDDPM,Log Cluster Metric_NextConvGeN
HeartFailure,-9.465887516603477,-10.169986592103378,-11.543524207524364,-1.8348233094102275,-2.0931262468498373,-2.031032243747646,-2.070054827301167
HeartDisease,-8.838460599811189,-2.999013719269887,-7.564077489032812,-1.9869075314555629,-1.7561602019134983,-21.41641301750636,-2.0685366055027075
IndianLiverPatients,-2.325042005879159,-2.6961289933991406,-4.734929491381544,-2.196641454677453,-2.525156138079603,-9.745992408404366,-10.114143504065524
PimaIndianDiabetes,-5.717445306735987,-12.276249108446024,-6.975379011627154,-13.658910938558794,-13.658910938558794,-2.1790048153745545,-10.009314393112977
ContraceptiveMethods,-4.413452061264434,-7.210175475231901,-8.461498372583304,-2.306326074080184,-2.81076910889983,-9.75734567556206,-7.8293619124161085
Obesity,-6.857610719747847,-14.43424292741034,-8.021749590991215,-1.544123408997964,-1.726102812438009,-9.5573462121141,-12.237018350074148
