Dataset Name,PredictRealOrSyn_TVAE,PredictRealOrSyn_CTGAN,PredictRealOrSyn_convexCTGAN,PredictRealOrSyn_CTABGAN,PredictRealOrSyn_convexCTABGAN,PredictRealOrSyn_TabDDPM,PredictRealOrSyn_NextConvGeN
HeartFailure,0.6022828204830807,0.6560533284942243,0.5839638272324164,0.8216210028185662,0.7891202175204733,0.9853573454339196,0.6911981573194899
HeartDisease,0.7292479811686333,0.8465796294837702,0.7758771837767621,0.8800441091515301,0.8862747374127877,0.4292155214075056,0.5840593660389055
IndianLiverPatients,0.7077277459524122,0.7996815697534184,0.7854275648283325,0.8652912740586945,0.8068844287838681,0.4944885243202794,0.4189189900271881
PimaIndianDiabetes,0.717134117109108,0.6341841808918266,0.5487385756996475,0.78945757669841,0.8082774008563769,0.7055988865039382,0.4321650210747926
ContraceptiveMethods,0.7012007040807574,0.6878661524493325,0.5904474584893717,0.8321099437857999,0.8266644976848578,0.4814548264762591,0.5345707300690543
Obesity,0.6598693415721013,0.7119216326161946,0.6432202023050241,0.933736357660774,0.8991121801577213,0.4751095075177919,0.4806497068844703
