,Model,Student-T-test,KL divergence,PropensityScore,PredictRealOrSyn,Log Cluster Metric,Feature Correlations Difference,Cross-validation,F-1 score,Geometric Mean,Feature-consistency,EuclideanDistance_Mean,EuclideanDistance_Std,HausdorffDistance,CosineSimilarity
0,NextConvGeN,4.3856314556391515e-07,0.002610106865345274,0.04907257373283213,0.504592861631871,-10.143419560051065,0.006226580172349511,0.017075376884422178,0.00399314033244591,0.006873780700131699,0.013835677035523512,4.2747,1.3143,3.4137,0.0056
1,CTGAN,0.0011664224403180926,0.010015353558233806,0.07122574816004083,0.5647108790814738,-6.067024065758469,0.028148973534876456,0.5396381909547738,0.5228658410545844,0.5280331562301315,0.059248055428668706,4.331,1.1147,3.7076,0.0041
2,convexCTGAN,5.288052104881853e-07,0.031868381852315684,0.1216518955076869,0.6136756218040568,-6.524565590409121,0.029329470817982737,0.22363316582914572,0.00023282902834012575,0.013358538090850247,0.048322379375174425,4.294,1.2496,3.8027,0.0058
3,CTABGAN,1.5190028951533892e-23,0.24217970221493404,0.3421108747551708,0.848008085880051,-2.3107125500253387,0.02856384265245045,0.5035477386934674,0.10662984310377183,0.11666551015169213,0.05508472653899463,4.3668,0.9651,3.3144,0.0002
4,convexCTABGAN,6.654668138275856e-29,0.15946894219218377,0.31141098074706025,0.8328082214035041,-2.9440626319616703,0.02836048378432881,0.5055075376884423,0.10662984310377183,0.11666551015169213,0.06165788753061014,4.3612,0.9897,3.5596,0.0009
5,TabDDPM,0.49167324254548017,0.003198486882796489,0.027928264107492145,0.47398815155442414,-13.676617287439592,0.006494614776632564,0.004020100502512669,0.0,0.0,0.01793579517667153,4.2746,1.3145,1.9769,0.0055
