,Model,Student-T-test,KL divergence,PropensityScore,PredictRealOrSyn,Log Cluster Metric,Feature Correlations Difference,Cross-validation,F-1 score,Geometric Mean,Feature-consistency,EuclideanDistance_Mean,EuclideanDistance_Std,HausdorffDistance,CosineSimilarity
0,NextConvGeN,4.3856314556391515e-07,0.002610106865345274,0.0490175589411927,0.5080945097474088,-10.143419560051065,0.006226580192560505,0.017075376884422178,0.00399314033244591,0.006873780700131699,0.013835677035523512,4.2747,1.3143,3.4137,0.0056
1,CTGAN,0.0011664224403180926,0.010015353558233806,0.07122574817196972,0.5647108790814738,-6.067024065758469,0.02814897077405476,0.5396381909547738,0.5228658410545844,0.5280331562301315,0.059248055428668706,4.331,1.1147,3.7076,0.0041
2,convexCTGAN,0.3265033144899647,0.026448051326748795,0.10638123393124206,0.5977267811799851,-7.333466671764112,0.03372454607839851,0.21872361809045238,0.10769800952497105,0.1070186028402354,0.046946124436878005,4.2831,1.2865,4.1864,0.0065
3,CTABGAN,1.5190028951533892e-23,0.24217970221493404,0.34211075904391686,0.848008085880051,-2.3107125500253387,0.028563841204534885,0.5035477386934674,0.10662984310377183,0.11666551015169213,0.05508472653899463,4.3668,0.9651,3.3144,0.0002
4,convexCTABGAN,5.68865707168965e-20,0.16827345227891655,0.3022978753494345,0.8136818149970072,-2.8294256369964734,0.02823976298491794,0.5095075376884423,0.11912324373889485,0.11287514393062996,0.06703134574340416,4.3603,0.994,3.6959,0.0009
5,TabDDPM,0.49167324254548017,0.003198486882796489,0.027928264107515716,0.4747855596186363,-13.676617287439592,0.006494613328716999,0.004020100502512669,0.0,0.0,0.01793579517667153,4.2746,1.3145,1.9769,0.0055
