,Model,Accuracy,F1_score,RMSE
0,NextConvGeN,0.5966666666666667,0.5824238979308534,1.1882194938283575
1,CTGAN,0.5516666666666667,0.5444166418404757,1.4022670797297092
2,convexCTGAN,0.5566666666666666,0.5493055485228505,1.5855304932461618
3,CTABGAN,0.5883333333333334,0.5491272473265143,1.2596195209501593
4,convexCTABGAN,0.5566666666666666,0.5063517256607577,1.1790790488491718
5,TabDDPM,0.6033333333333334,0.5997692870211457,1.3995728879978324
