,Model,Accuracy,F1_score,RMSE
0,NextConvGeN,0.5966666666666667,0.5824238979308534,1.1882194938283575
1,CTGAN,0.5516666666666667,0.5444166418404757,1.4022670797297092
2,CTABGAN,0.5883333333333334,0.5491272473265143,1.2596195209501593
3,TabDDPM,0.6033333333333334,0.5997692870211457,1.3995728879978324
4,CART,0.5666666666666667,0.5619870953752528,1.540182677304834
5,DataSynth,0.465,0.4599794523153003,1.77167132196634
6,GReaT,0.5466666666666666,0.5279679885407819,1.3257425686945223
