,Model,Student-T-test,KL divergence,PropensityScore,PredictRealOrSyn,Log Cluster Metric,Feature Correlations Difference,Cross-validation,F-1 score,Geometric Mean,Feature-consistency,EuclideanDistance_Mean,EuclideanDistance_Std,HausdorffDistance,CosineSimilarity
0,NextConvGeN,0.9782284808007136,0.004544620605989452,0.05622488189725281,0.4437212091668665,-6.151116744241439,0.012642943842771799,0.06835994194484762,0.08229202782978522,0.036223522686359866,0.01270870192437337,5.4784,3.1603,7.0291,0.0173
1,CTGAN,8.225963933261143e-06,0.0101679191458686,0.14620016719753634,0.6186305437429208,-3.629725302565094,0.02216612575490336,0.3841799709724238,0.1934649685674209,0.19300528450269439,0.04894973335563859,5.7856,2.5547,11.0301,0.0105
2,convexCTGAN,0.7369527347417607,0.027181651835026906,0.1600581003935859,0.6425331403678621,-3.5815964940634255,0.022861485490299958,0.41044992743105946,0.028127647691924273,0.03158448205193071,0.053702172588903994,5.8094,2.5002,9.6214,0.0104
3,CTABGAN,4.0382828460183873e-14,0.3969104676108411,0.4620791309521863,0.9777409892714527,-1.5178138728225412,0.024601108647483255,0.36821480406386053,0.1983087942549906,0.1952603554308842,0.04596860284418392,5.9944,2.0166,4.6083,0.0
4,convexCTABGAN,2.985117630360491e-11,0.40304941569242814,0.46383722345099127,0.9832802953613164,-1.5102642235272519,0.024343460007912824,0.4260522496371552,0.15200784420593583,0.1743221356921461,0.05395975515205485,5.9943,2.0171,4.5451,-0.0
5,TabDDPM,0.9861470177912877,0.004933951936659057,0.05821789565372363,0.39599963727893306,-8.66819185196739,0.015446138615386658,0.07605224963715529,0.05374688189333501,0.06444863599651163,0.019529117257382107,5.4031,3.1316,7.0022,0.0185
