,Model,Student-T-test,KL divergence,PropensityScore,PredictRealOrSyn,Log Cluster Metric,Feature Correlations Difference,Cross-validation,F-1 score,Geometric Mean,Feature-consistency,EuclideanDistance_Mean,EuclideanDistance_Std,HausdorffDistance,CosineSimilarity
0,NextConvGeN,0.9782284808007136,0.004544620605989452,0.056536256212761093,0.44153321292337633,-6.151116744241439,0.012642943678623704,0.06835994194484762,0.08229202782978522,0.036223522686359866,0.01270870192437337,5.4784,3.1603,7.0291,0.0173
1,CTGAN,8.225963933261143e-06,0.0101679191458686,0.14615657972437857,0.6219048290543355,-3.629725302565094,0.022166125288895597,0.3841799709724238,0.1934649685674209,0.19300528450269439,0.04894973335563859,5.7856,2.5547,11.0301,0.0105
2,convexCTGAN,0.012160264431313444,0.031221904010544626,0.17767276302676502,0.66066251461368,-4.968515278002112,0.02213419258800129,0.38403483309143677,0.2943531836838474,0.29677031353880584,0.04408222060956015,5.829,2.4541,10.0779,0.0099
3,CTABGAN,4.0382828460183873e-14,0.3969104676108411,0.462081933715115,0.9794918310222943,-1.5178138728225412,0.024601108717609625,0.36821480406386053,0.1983087942549906,0.1952603554308842,0.04596860284418392,5.9944,2.0166,4.6083,0.0
4,convexCTABGAN,4.070129869845598e-11,0.3652503129994581,0.4608043031615044,0.9811849832660045,-1.5279125145903618,0.024232998034414827,0.49020319303338167,0.10569308647111858,0.12104987432672953,0.05176619840094309,5.9938,2.0184,4.6244,0.0002
5,TabDDPM,0.9861470177912877,0.004933951936659057,0.05821630424351257,0.3971100989972265,-8.66819185196739,0.015446138326288609,0.07605224963715529,0.05374688189333501,0.06444863599651163,0.019529117257382107,5.4031,3.1316,7.0022,0.0185
