,Model,Accuracy,F1_score,RMSE
0,NextConvGeN,0.505442415730337,0.5045149858682234,
1,CTGAN,0.48577949438202245,0.4543113507503401,
2,convexCTGAN,0.4445224719101124,0.4404139456232273,
3,CTABGAN,0.3732443820224719,0.32790770462488544,
4,convexCTABGAN,0.3690308988764045,0.3795132181806987,
5,TabDDPM,0.5059691011235955,0.5064304844810481,
