,Model,Student-T-test,KL divergence,PropensityScore,PredictRealOrSyn,Log Cluster Metric,Feature Correlations Difference,Cross-validation,F-1 score,Geometric Mean,Feature-consistency,EuclideanDistance_Mean,EuclideanDistance_Std,HausdorffDistance,CosineSimilarity
0,NextConvGeN,0.5609798019328396,0.004369982674866109,0.0026179829235842833,0.5020875467993936,-9.05746477320994,0.03143885800149388,0.007278020378457151,0.2215058415598501,0.20155244606439626,0.00972569876122147,4.4285,1.5455,3.0471,0.0083
1,CTGAN,0.0298309329287308,0.025702912977920857,0.02376504814618513,0.6302062822291009,-6.408636708602766,0.03348675306458821,0.0005822416302767586,0.0,0.0,0.00440304627502921,4.4461,1.4941,4.0721,0.0074
2,convexCTGAN,0.013168900865568592,0.032038638959286034,0.030102721259628828,0.6497641255987251,-9.271831377444167,0.02957319228568807,0.002037845705968211,0.013674797167787744,0.013905317650152793,0.0030155520642872633,4.4688,1.4249,3.6489,0.0067
3,CTABGAN,7.051014019041634e-09,0.1529101731649273,0.11641066298168415,0.8250927621987196,-2.5803594506076943,0.09884585686760207,0.003202328966521173,0.0,0.0,0.01687009975508156,4.533,1.2051,3.7132,0.0021
4,convexCTABGAN,0.10573126075939311,0.017886170064269177,0.004900816361410232,0.5896656349297108,-6.531887937986794,0.09749873477566215,0.003202328966521173,0.0,0.0,0.013337209330830291,4.4853,1.3719,4.1163,0.0061
5,TabDDPM,0.5881375519583866,0.0004347062176219672,0.0007589373579977303,0.4573206602341206,-21.416413017506358,0.004002689077483224,0.005240174672489162,0.14010847217326527,0.13387999741641132,0.0047942160557701615,4.4368,1.5214,1.3972,0.0079
