,Model,Accuracy,F1_score,RMSE
0,NextConvGeN,0.8090922487474211,0.8091152066690527,
1,CTGAN,0.5423666371942234,0.5576939099734186,
2,convexCTGAN,0.6250368405540818,0.6341328852137919,
3,CTABGAN,0.3709106984969054,0.4284433374735961,
4,convexCTABGAN,0.42027704096669616,0.4692331509998684,
5,TabDDPM,0.8432066018272913,0.8420926543855737,
