,Model,Accuracy,F1_score,RMSE
0,NextConvGeN,0.8092396109637489,0.8093902981234399,
1,CTGAN,0.5423666371942234,0.5576939099734185,
2,CTABGAN,0.3709106984969054,0.4284433374735962,
3,TabDDPM,0.8432066018272913,0.8420926543855737,
4,CART,0.7386531093427645,0.7390626828240486,
5,DataSynth,0.3023135867963454,0.34262725330007093,
6,GReaT,0.6069849690539346,0.6062502780061988,
