,Model,Accuracy,F1_score,RMSE
0,NextConvGeN,0.484375,0.4802157275648872,
1,CTGAN,0.4764747191011236,0.44549803804209476,
2,convexCTGAN,0.4648876404494382,0.45671885356290354,
3,CTABGAN,0.40554775280898875,0.3871144082102175,
4,convexCTABGAN,0.37535112359550565,0.3829818119425515,
5,TabDDPM,0.5052668539325843,0.4978422703623169,
