,Model,Student-T-test,KL divergence,PropensityScore,PredictRealOrSyn,Log Cluster Metric,Feature Correlations Difference,Cross-validation,F-1 score,Geometric Mean,Feature-consistency,EuclideanDistance_Mean,EuclideanDistance_Std,HausdorffDistance,CosineSimilarity
0,NextConvGeN,0.6206948301099108,8.721918507560754e-06,0.001220170160886592,0.49552790636352356,-6.995520244734436,0.03158066062730219,0.06569620253164554,0.0,0.0,0.01856071389567292,4.2347,2.0167,5.221,0.0143
1,CTGAN,0.09299078264920373,0.026481699349598306,0.1112044236581877,0.8269212040082504,-11.400992322497506,0.09136876516802682,0.04550632911392405,0.47533876941501735,0.45791432121567177,0.11712006069745554,4.3278,1.8084,7.7008,0.0081
2,convexCTGAN,0.06780309832888312,0.03426458133659828,0.03813143411549446,0.6637074851633554,-4.053171667506071,0.09893334188594961,0.007405063291139324,0.024581145966653173,0.019711822715292038,0.06852676562762032,4.3061,1.8595,9.0669,0.0086
3,CTABGAN,0.0011784153247595523,0.048238369680634996,0.10500129023525888,0.8261613734246371,-2.091048733282192,,0.04297468354430378,0.0,0.0,0.0675536502801676,4.344,1.4592,3.6099,0.0026
4,convexCTABGAN,0.018194177114999627,0.05265461318902301,0.11392764757647675,0.82881484411317,-2.4750045741964657,0.09201584204576717,0.02518987341772161,0.3188373431564405,0.22948281187047015,0.1397867449140615,4.4407,1.5101,4.0815,0.0047
5,TVAE,0.008623817379064173,0.365990866988179,0.08409839798481056,0.7185479887602974,-2.467308291043653,0.1418538400797548,0.04294303797468357,0.0,0.0,0.044863857009784035,4.2326,2.0212,12.5196,0.0063
6,TabDDPM,0.2327172937848348,0.00032185585903148854,0.009060901570827036,0.5971727252908243,-2.5013181306087513,0.1326097372151479,0.08873417721518984,0.0,0.0,0.03334593535335947,4.1554,2.1755,6.3433,0.0206
