,Model,Student-T-test,KL divergence,PropensityScore,PredictRealOrSyn,Log Cluster Metric,Feature Correlations Difference,Cross-validation,F-1 score,Geometric Mean,Feature-consistency,EuclideanDistance_Mean,EuclideanDistance_Std,HausdorffDistance,CosineSimilarity
0,NextConvGeN,0.6206948301099108,8.721918507560754e-06,0.02817312232862179,0.4880712008760745,-7.524191016213106,0.03158066062730219,0.06569620253164554,0.0,0.0,0.015274527082360156,4.2347,2.0167,5.221,0.0143
1,CTGAN,0.09299078264920373,0.026481699349598306,0.30164958714819,0.8338810953843433,-12.779698990052204,0.09136876516802682,0.04550632911392405,0.47533876941501735,0.45791432121567177,0.015211844505966332,4.3278,1.8084,7.7008,0.0081
2,CTABGAN,0.0011784153247595523,0.048238369680634996,0.2936672766143795,0.827174031652485,-2.250116601791903,,0.04297468354430378,0.0,0.0,0.02691769939060923,4.344,1.4592,3.6099,0.0026
3,CART,0.6867224027187199,0.0005359870956014173,0.047608319980806585,0.48724732866637066,-9.73793593450281,0.02268283386081216,0.025284810126582236,0.0,0.0,0.01918872056100863,4.2402,2.0052,5.1098,0.0159
4,DataSynth,0.27372012750515323,0.0024178633497554426,0.09875702430050598,0.5161901368341196,-3.3219776280398468,0.0781003815023826,0.03791139240506336,0.3822762571835899,0.27048384715826523,0.014779230942886001,4.1784,2.131,10.4548,0.013
5,GReaT,5.671019185279626e-05,0.060847128716885995,0.49950031931021716,1.0,-1.4307236772535343,0.09856311715957759,0.06063291139240512,0.47533876941501735,0.45791432121567177,0.024150946589525157,4.4643,1.4387,3.7188,0.0003
6,TabDDPM,0.2327172937848348,0.00032185585903148854,0.05744585590553786,0.5903026668779889,-6.965070905157524,0.1326097372151479,0.08873417721518984,0.0,0.0,0.01346930790351888,4.1554,2.1755,6.3433,0.0206
