Model,f1score_mean,f1score_std,RMSE_mean,RMSE_std
CART,0.5587861239740776,0.020795604519105466,,
CTABGAN,0.5114793424960051,0.03117872837174908,,
CTGAN,0.5201026852306289,0.01988713538369628,,
DataSynth,0.5160322193381545,0.01044081558843012,,
GReaT,0.5199778036100551,0.009365785342303836,,
NextConvGeN,0.6155733591494142,0.02272789689373768,,
TabDDPM,0.624215279683918,0.017109276547928435,,
