,Model,Accuracy,F1_score,RMSE
0,NextConvGeN,0.6360089186176142,0.6333636605206283,
1,CTGAN,0.48439241917502784,0.47630346190940576,
2,convexCTGAN,0.4944258639910814,0.4843804728032125,
3,CTABGAN,0.4559643255295429,0.440489643219419,
4,convexCTABGAN,0.47937569676700104,0.4649934350516406,
5,TabDDPM,0.6633221850613155,0.6611252024691832,
