Model,f1score_mean,f1score_std,RMSE_mean,RMSE_std
CART,0.542482394437553,0.018890088663425026,1.4318766263245655,0.08155094912015912
CTABGAN,0.5031125929608729,0.04142117536461653,1.2743864065023156,0.04960209482994979
CTGAN,0.5418404890702362,0.026170176675366346,1.4845929349485836,0.08031211049010191
DataSynth,0.4970418729111187,0.02421358184475945,1.7453762110412554,0.035538083962628995
GReaT,0.5227026674974982,0.013659079112941779,1.2127725738036859,0.1839035802415951
NextConvGeN,0.5730540990134576,0.02173164304545323,1.0367678550243775,0.10607549754454877
TabDDPM,0.5624029748067818,0.024988996289447087,1.407323454522464,0.3048849663637481
