,Model,Accuracy,F1_score,RMSE
0,NextConvGeN,0.7350448247758761,0.7327254839557521,1.2963138184308465
1,CTGAN,0.6888345558272209,0.6902245896985753,1.4682547075600154
2,convexCTGAN,0.7042379788101061,0.7078326815864655,1.2978086699855815
3,CTABGAN,0.5257538712306438,0.5712054627948802,1.4362587844455792
4,convexCTABGAN,0.6546862265688672,0.6593496534566994,1.5706658695575273
5,TabDDPM,0.7682966585167075,0.7690708348751788,1.2666271113806662
