,Model,Accuracy,F1_score,RMSE
0,NextConvGeN,0.7350448247758761,0.7327254839557521,1.2963138184308465
1,CTGAN,0.6888345558272209,0.6902245896985753,1.4682547075600154
2,CTABGAN,0.5257538712306438,0.5712054627948802,1.4362587844455792
3,TabDDPM,0.7682966585167075,0.7690708348751788,1.2666271113806662
4,CART,0.725916870415648,0.7267947555327586,1.3559891428613686
5,DataSynth,0.45126324368378157,0.5125463980081988,1.5805611298478004
6,GReaT,0.7399348003259985,0.736143173209054,1.3479768343774061
