,Model,Student-T-test,KL divergence,PropensityScore,PredictRealOrSyn,Log Cluster Metric,Feature Correlations Difference,Cross-validation,F-1 score,Geometric Mean,Feature-consistency,EuclideanDistance_Mean,EuclideanDistance_Std,HausdorffDistance,CosineSimilarity
0,NextConvGeN,0.6087176626802163,0.03584690713159759,0.10293938984915477,0.55967138248265,-19.067405085258763,0.019881154528793576,0.01608525530705629,0.0,0.0,0.005600995610264867,8.3334,1.8852,8.6279,0.0014
1,CTGAN,0.21120504996848533,0.02835726937478558,0.2205532996013772,0.7219697262044031,-7.641901515174333,0.04774715237025138,0.35022052390228264,0.10614216351766392,0.11087800116337317,0.0148557271967267,8.4541,1.59,9.7488,0.0008
2,convexCTGAN,0.00020979595128994922,0.04187750398308515,0.15790073651587802,0.65225851062516,-12.646009501439405,0.03459433848809911,0.19076875299232665,0.018413039866148333,0.02476641876083286,0.013288905446977575,8.3502,1.8093,8.5142,0.0017
3,CTABGAN,6.147313973411635e-38,0.06504226056740542,0.3314328318458925,0.8395678347731836,-3.3037746985968233,0.04386301622379544,0.6389140330044303,0.10520880918237585,0.09342161648328086,0.01623223363140888,8.5025,1.3065,7.7395,0.0003
4,convexCTABGAN,0.1914398913548658,0.028268410317634104,0.11818257363782682,0.6061519903882029,-7.365439081281681,0.044266115741647426,0.6369382264324099,0.015507328362739069,0.021550955149039416,0.015489393393293508,8.4196,1.4529,8.6851,0.0007
5,TabDDPM,0.33008795880886,0.008091300459972424,0.0819807042851622,0.5543323087968249,-8.475855977584569,0.015305996180807468,0.016085454380766473,0.2054115327205108,0.20656933473135441,0.004961836175841404,8.386,1.917,8.2386,0.0016
