,Model,Accuracy,F1_score,RMSE
0,NextConvGeN,0.7005208333333334,0.6971156002601538,1.2424657949800038
1,CTGAN,0.5807291666666666,0.5783184408184409,1.451010282106694
2,CTABGAN,0.5807291666666666,0.562318579553358,1.3096263954910736
3,TabDDPM,0.6041666666666666,0.6041666666666666,1.2319416391031281
4,CART,0.6171875,0.6104267269718199,1.3145516053945863
5,DataSynth,0.5,0.48946648426812595,1.6475924246366678
6,GReaT,0.6197916666666666,0.6048041025320151,1.3563324225574847
