,Model,Accuracy,F1_score,RMSE
0,NextConvGeN,0.7005208333333334,0.6971156002601538,1.2424657949800038
1,CTGAN,0.5807291666666666,0.5783184408184409,1.451010282106694
2,convexCTGAN,0.5729166666666666,0.566753848003848,1.4241695498355127
3,CTABGAN,0.5807291666666666,0.562318579553358,1.3096263954910736
4,convexCTABGAN,0.5625,0.5398082069580732,1.4358602097112392
5,TabDDPM,0.6041666666666666,0.6041666666666666,1.2319416391031281
