,Model,Accuracy,F1_score,RMSE
0,NextConvGeN,0.6607773851590106,0.6541996321720528,1.3434257001291519
1,CTGAN,0.6148409893992933,0.5990584770308353,1.3002652927602572
2,CTABGAN,0.7031802120141343,0.5806342829494303,1.2309098925987199
3,TabDDPM,0.6289752650176679,0.6296056857737524,1.4196921922054462
4,CART,0.7314487632508834,0.7017502460590219,1.237825811196791
5,DataSynth,0.6466431095406361,0.6046150551450905,1.7169771835003564
6,GReaT,0.6925795053003534,0.6213593126020405,1.254069468441784
