,Model,Accuracy,F1_score,RMSE
0,NextConvGeN,0.6607773851590106,0.6541996321720529,1.3434257001291519
1,CTGAN,0.6148409893992933,0.5990584770308353,1.3002652927602572
2,convexCTGAN,0.5936395759717314,0.5981292870505093,1.41956278820262
3,CTABGAN,0.7031802120141343,0.5806342829494303,1.2309098925987199
4,convexCTABGAN,0.7031802120141343,0.5806342829494303,1.158090777963382
5,TabDDPM,0.6289752650176679,0.6296056857737524,1.4196921922054462
