,Model,Student-T-test,KL divergence,PropensityScore,PredictRealOrSyn,Log Cluster Metric,Feature Correlations Difference,Cross-validation,F-1 score,Geometric Mean,Feature-consistency,EuclideanDistance_Mean,EuclideanDistance_Std,HausdorffDistance,CosineSimilarity
0,NextConvGeN,0.022351969729320267,0.005508556124710269,0.004398785460539479,0.6416826851505781,-2.069528468270747,0.23861481203404242,0.09608416130917596,0.10388737486732261,0.1422588447209914,0.030668693178895017,5.8926,1.8105,4.7565,0.0026
1,CTGAN,0.05399979934595392,0.012038978840063067,0.09867420834493158,0.8019095480878564,-2.666607200373813,0.10090548234217234,0.20900058445353592,0.13806365188134506,0.13437942783698778,0.13902059733197042,5.9588,1.5789,7.1056,0.0034
2,convexCTGAN,0.15906386219290403,0.03507898607570589,0.06174769328674362,0.7430644313879593,-3.2849911433253145,0.09773570020532144,0.13004091174751603,0.022618696175248462,0.023311158538690202,0.08399584819771949,5.9754,1.5148,6.9327,0.0021
3,CTABGAN,0.16141088150288366,0.23934650822128267,0.04200191738322557,0.7013108256470324,-2.5337856255324867,0.09469639028588939,0.13670368205727645,0.09504221097055125,0.11154583278628327,0.15568686328155648,6.0178,1.3364,4.7961,0.0003
4,convexCTABGAN,0.08708264505829288,0.22209073057157508,0.05701506207443567,0.7690696720400195,-1.7734560713825998,0.10352010427223685,0.12974868497954406,0.023287136346477194,0.022376371686775226,0.10033887842784704,6.0153,1.3478,4.9395,0.0
5,TabDDPM,0.048705752303114844,0.06665465633755775,0.1456013238272243,0.8746299527234473,-1.9685032694083415,0.3620849542291454,0.18860315604909417,0.16352508262099685,0.16514087415026327,0.08164782862765953,5.9574,1.5842,5.7566,0.0016
