,Model,Student-T-test,KL divergence,PropensityScore,PredictRealOrSyn,Log Cluster Metric,Feature Correlations Difference,Cross-validation,F-1 score,Geometric Mean,Feature-consistency,EuclideanDistance_Mean,EuclideanDistance_Std,HausdorffDistance,CosineSimilarity
0,NextConvGeN,0.5704822377655601,0.000394674220729245,0.0024790937664794367,0.444590188038125,-9.421858662737602,0.02563438710297988,0.0959810126582279,0.05675052894774235,0.05104213205126851,0.020649824277288998,4.2176,2.0523,4.1688,0.0138
1,CTGAN,0.06813617971025702,0.01108400638925773,0.1351006655156102,0.8347445641079906,-2.8462359834616717,0.11149694025565605,0.017784810126582284,0.027741666964650746,0.029976988011625183,0.1325262375020195,4.3036,1.8653,6.6601,0.0093
2,convexCTGAN,0.3227571483239016,0.004734037571024821,0.018699815001721628,0.5875443492225342,-5.664172079980727,0.09715282732937447,0.055632911392405116,0.002867638345775525,0.0032034028066086906,0.021829823271133142,4.2965,1.8814,8.504,0.0083
3,CTABGAN,0.10649939267529676,0.059992318276031936,0.13445520719504023,0.8558077241401074,-2.2531494760170765,,6.329113924052887e-05,0.0,0.0,0.08209019235312055,4.3442,1.4586,3.777,0.0029
4,convexCTABGAN,0.20502217364516856,0.06621113515052734,0.14406190522291917,0.875124494834262,-2.1305542756775933,0.09868174090083354,0.032879746835443036,7.841366875382949e-05,0.003599570578724176,0.10423664490006243,4.4517,1.4772,3.8573,0.0027
5,TVAE,0.08027091465631436,0.2284224961199634,0.07163958924026023,0.7110887250299118,-2.3363420855681207,0.12568613101560344,0.1085759493670887,0.0,0.0,0.034255923001527855,4.2384,2.009,12.447,0.0066
6,TabDDPM,0.3231136458425429,0.000513534944151791,0.004883758350573255,0.54741316311246,-5.085331328601532,0.07298123010860322,0.13155063291139246,0.0,0.0,0.026448685989114172,4.1379,2.2085,8.5338,0.016
