,Model,Student-T-test,KL divergence,PropensityScore,PredictRealOrSyn,Log Cluster Metric,Feature Correlations Difference,Cross-validation,F-1 score,Geometric Mean,Feature-consistency,EuclideanDistance_Mean,EuclideanDistance_Std,HausdorffDistance,CosineSimilarity
0,NextConvGeN,0.5704822377655601,0.000394674220729245,0.0339028977104641,0.4399562762081726,-9.15957746280005,0.02563438710297988,0.0959810126582279,0.05675052894774235,0.05104213205126851,0.017588431713575336,4.2176,2.0523,4.1688,0.0138
1,CTGAN,0.06813617971025702,0.01108400638925773,0.3399424097030174,0.8332066283595285,-21.416413017506358,0.11149694025565605,0.017784810126582284,0.027741666964650746,0.029976988011625183,0.02399674320436328,4.3036,1.8653,6.6601,0.0093
2,CTABGAN,0.10649939267529676,0.059992318276031936,0.34050935115969333,0.8558077241401074,-21.416413017506358,,6.329113924052887e-05,0.0,0.0,0.03420945554295833,4.3442,1.4586,3.777,0.0029
3,CART,0.6256490390521976,0.001485895597965102,0.041588718597141104,0.5016725035347326,-8.61013547855794,0.024638344124833636,0.027689873417721556,0.4571881628988205,0.42112348875200645,0.020774514040610592,4.2545,1.9746,6.0889,0.0149
4,DataSynth,0.1979596569826341,0.01565423832206552,0.15099081104554327,0.5851751409026626,-2.599244311227323,0.08661130072849564,0.0025316455696202667,0.46293228772938355,0.44574200528306007,0.0294514325479865,4.2615,1.9596,8.3637,0.0109
5,GReaT,7.987514693770546e-05,0.059992318276031936,0.49981452942954147,0.9987341772151899,-1.4403210020918955,0.10459338502457764,0.04028481012658225,0.09013464069053323,0.09747768590230843,0.024852397690606255,4.4617,1.4468,3.9522,0.0001
6,TabDDPM,0.3231136458425429,0.000513534944151791,0.044358798453587416,0.5496043493991973,-6.772727830754842,0.07298123010860322,0.13155063291139246,0.0,0.0,0.019041749933165198,4.1379,2.2085,8.5338,0.016
