Dataset Name,F-1 score_TVAE,F-1 score_CTGAN,F-1 score_convexCTGAN,F-1 score_CTABGAN,F-1 score_convexCTABGAN,F-1 score_TabDDPM,F-1 score_NextConvGeN
HeartFailure,0.3666666666666667,0.3666666666666667,0.3856981981981981,0.0,0.0,0.424775707384403,0.2932098765432098
HeartDisease,0.0,0.0849483849483849,0.1097944608582907,0.1097944608582907,0.0,0.1097944608582907,0.2012696954302794
IndianLiverPatients,0.0,0.0262678661624778,0.0,0.0200844356881508,0.0674614564375566,0.0,0.0
PimaIndianDiabetes,0.0109841176569724,0.0253617301329455,0.2809579272211946,0.2901039037154139,0.0699591933347602,0.0320308127823253,0.0231675117396247
ContraceptiveMethods,0.0890674044449352,0.0890674044449352,0.0752682645087255,0.1324811797431541,0.1950656819815698,0.1198447994144306,0.0053604333630954
Obesity,0.1713043987049263,0.0076409599456833,0.0272934810760193,0.0262480345823534,0.0176274298297773,0.0012447906586668,0.0301447165794477
