Dataset Name,Feature Correlations Difference_TVAE,Feature Correlations Difference_CTGAN,Feature Correlations Difference_convexCTGAN,Feature Correlations Difference_CTABGAN,Feature Correlations Difference_convexCTABGAN,Feature Correlations Difference_TabDDPM,Feature Correlations Difference_NextConvGeN
HeartFailure,0.0628141510801622,0.0526276954523876,0.0511286926685717,0.0515180585809742,0.0561249443566535,0.457783419603503,0.218294726997361
HeartDisease,0.0908995146042244,0.0962506473857187,0.086133509988381,0.0876747158721909,0.0895483609968434,0.1281846761086549,0.2886316305104662
IndianLiverPatients,0.143968237220685,0.1016736790550868,0.10563151937896,0.102708338754421,,0.0537497130767955,0.0304963290718696
PimaIndianDiabetes,0.1366178603641907,0.0999229563002489,0.1657349588411207,0.1006071296612195,0.1059744268897183,0.4705034797903238,0.060393753219424
ContraceptiveMethods,0.0566877118293152,0.0187713611161118,0.021832887120796,0.0195624765303187,0.0195258128391818,0.007218651523557,0.007589269007806
Obesity,0.0345634707151668,0.0899480286958363,0.0672055817211959,,,0.0254121619542665,0.0141739819391535
