Dataset Name,Feature-consistency_TVAE,Feature-consistency_CTGAN,Feature-consistency_convexCTGAN,Feature-consistency_CTABGAN,Feature-consistency_convexCTABGAN,Feature-consistency_TabDDPM,Feature-consistency_NextConvGeN
HeartFailure,0.0764922206334278,0.1749409819438163,0.1492786276630052,0.2030660133051617,0.2203846397152759,0.1681875536776359,0.0380685737539056
HeartDisease,0.0487293784351252,0.1775423942090589,0.1919497521787881,0.2238489511741498,0.0781831575228533,0.0389067340280282,0.1383903458596641
IndianLiverPatients,0.0321406716338002,0.1037694454455671,0.0489985109300933,0.0871237786214677,0.053838716518855,0.0322005159017604,0.0374167445586274
PimaIndianDiabetes,0.0293766025847389,0.1301160304425211,0.0633870865680322,0.0805112938402908,0.1264299988640234,0.1559805238724543,0.0262094918065574
ContraceptiveMethods,0.0423964713315497,0.0766021029602371,0.0805343045666112,0.070430129228635,0.0740238641254016,0.0299527540946555,0.0170958643704826
Obesity,0.3345541793682674,0.7791478040381132,0.4808330737538157,0.823558817477402,0.8179321871615969,0.0505130033431223,0.0576073768812363
