Dataset Name,KL divergence_TVAE,KL divergence_CTGAN,KL divergence_convexCTGAN,KL divergence_CTABGAN,KL divergence_convexCTABGAN,KL divergence_TabDDPM,KL divergence_NextConvGeN
HeartFailure,0.1008401114948932,0.0042219539089156,0.0097517771005899,0.0335357594950379,0.0258290396266849,0.0276230867469868,0.0050630978145369
HeartDisease,0.0464650919088082,0.0077317800643535,0.0325875334353483,0.2254802937416367,0.2481541440117192,0.006925012185223,0.0177399159093671
IndianLiverPatients,0.4030336921814195,0.0372805819928208,0.010549460592529,0.0564146056013612,0.0422020190143191,0.0001348472179286,0.0010534346989635
PimaIndianDiabetes,0.0,0.0248962281534598,0.0,0.0,0.0,0.0,0.0
ContraceptiveMethods,0.1228078086897588,0.0061800220157,0.0205432043208264,0.2393534566759588,0.1877180364632409,0.0015879898149473,0.0013723389272011
Obesity,0.0652047566605279,0.0269038504498291,0.0148727684267197,0.353140441856432,0.0617754130047012,0.0010966320066415,0.0023718300478237
