Dataset Name,Log Cluster Metric_TVAE,Log Cluster Metric_CTGAN,Log Cluster Metric_convexCTGAN,Log Cluster Metric_CTABGAN,Log Cluster Metric_convexCTABGAN,Log Cluster Metric_TabDDPM,Log Cluster Metric_NextConvGeN
HeartFailure,-8.527682975431095,-2.817651300315122,-21.41641301750636,-3.15670348739653,-1.910802221589558,-1.9803294767099853,-2.070054827301167
HeartDisease,-7.435579088564646,-4.159740177732603,-4.75614640880419,-1.8205046475070263,-1.662249478328083,-7.196357281150266,-2.057230887942556
IndianLiverPatients,-2.6071867321210136,-3.920685682611139,-8.742039323962224,-2.41790012774987,-2.726203022793536,-8.45288029392602,-8.450767723246994
PimaIndianDiabetes,-6.996980915813005,-3.936177252144677,-21.41641301750636,-2.477585344820876,-5.908354790778159,-2.0120988945984037,-11.078907002082524
ContraceptiveMethods,-4.037570338653681,-6.533418434948557,-8.63627984982207,-2.297941660400428,-2.6272831109939165,-9.052866778570849,-9.455606715008892
Obesity,-6.734751962145331,-6.230060882614677,-8.458705672354446,-1.564424984903564,-3.6061756071889848,-10.403541954108666,-10.680630509801771
