Dataset Name,PredictRealOrSyn_TVAE,PredictRealOrSyn_CTGAN,PredictRealOrSyn_convexCTGAN,PredictRealOrSyn_CTABGAN,PredictRealOrSyn_convexCTABGAN,PredictRealOrSyn_TabDDPM,PredictRealOrSyn_NextConvGeN
HeartFailure,0.6675099646307078,0.7587859222095683,0.62356542691082,0.752932469774575,0.8284062180642726,0.9809249079527014,0.701242813389122
HeartDisease,0.7242429501815513,0.8519809976755894,0.8508803777166405,0.8980749289481025,0.9258484703950212,0.5131154552591835,0.6129542844010103
IndianLiverPatients,0.7760580235162243,0.8260331642487093,0.8078951094909907,0.8138971252943312,0.8265013264456996,0.4754145080183782,0.411389981703237
PimaIndianDiabetes,0.7409299539430928,0.7558771526100948,0.592078094411149,0.8417039047743012,0.7255991602598175,0.9953444098303912,0.4889200332126246
ContraceptiveMethods,0.7011215237521258,0.6287202846125478,0.5978510274345231,0.8490136925475207,0.8342289168632486,0.4869477594593576,0.4954873452767155
Obesity,0.6536975699942136,0.6904087315011989,0.6311022524210304,0.9415807792475178,0.8352062180936082,0.4653920972261828,0.4940084370648325
