Dataset Name,Student-T-test_TVAE,Student-T-test_CTGAN,Student-T-test_convexCTGAN,Student-T-test_CTABGAN,Student-T-test_convexCTABGAN,Student-T-test_TabDDPM,Student-T-test_NextConvGeN
HeartFailure,0.1533653274957997,3.6555077063135006e-05,0.1543242189741153,0.0042740844737642,0.1422079072908907,0.0122108231575872,0.0372139370284996
HeartDisease,0.2230821527409028,0.0029645936326797,0.0004220949881139,0.0072298253131807,0.0182084223618898,0.2552127943537878,0.0001029884626776
IndianLiverPatients,0.0192021491664935,0.1034549259735757,0.2918925337882814,0.0122607716609946,0.1305990125101603,0.7174482901762277,0.7992210080626155
PimaIndianDiabetes,0.0676993815244421,0.0668803202576423,0.3146667692760389,0.0315560313125422,0.0788496151911698,0.1028869623689583,0.5453335561980822
ContraceptiveMethods,0.7112888121217816,1.9536035240815856e-47,8.57453449983504e-07,1.1705650809914025e-07,6.38790644771588e-34,0.3935194961806881,2.312586509558593e-05
Obesity,0.1070245288874917,1.4106453413336489e-05,0.3169971159522712,9.079373516677375e-09,0.0197584584368865,0.623451640350146,0.6669348363357189
