,Model,Accuracy,F1_score,RMSE
0,NextConvGeN,0.7033333333333335,0.6862418592996606,0.6077793129802693
1,CTGAN,0.5733333333333334,0.5496914897395055,1.146556914065679
2,convexCTGAN,0.52,0.5051495396925405,1.1057567021484236
3,CTABGAN,0.39666666666666667,0.41970366113626945,1.5091115977244978
4,convexCTABGAN,0.49,0.47135929166765883,0.9564619418184628
5,TabDDPM,0.6566666666666666,0.6331107645866071,0.9729010103136164
