,Model,Student-T-test,KL divergence,PropensityScore,PredictRealOrSyn,Log Cluster Metric,Feature Correlations Difference,Cross-validation,F-1 score,Geometric Mean,Feature-consistency,EuclideanDistance_Mean,EuclideanDistance_Std,HausdorffDistance,CosineSimilarity
0,NextConvGeN,0.6428932032489537,0.0,0.01736855156889688,0.5139860855666315,-10.245600395220048,0.022958968026527995,0.009363101419176179,0.0026581782175585933,0.002059366588044162,0.04727820188672947,4.0307,1.3241,2.6379,0.005
1,CTGAN,1.1257774648761244e-06,0.05424815578741681,0.2242899271586737,0.7378578026962933,-4.375533119940239,0.35972239931769645,0.8212011076497057,0.09467377210442494,0.09653726007409531,0.11053082101325443,4.0744,1.1829,4.3156,0.0031
2,convexCTGAN,0.23376951434635476,0.0,0.11517567546346298,0.5929733961183338,-5.132335788620833,0.24775414780138563,0.5623572170301142,0.028746946767732692,0.032579212665329385,0.09051193636064772,4.0765,1.1758,4.2311,0.0025
3,CTABGAN,0.004694616184413371,0.0,0.28026908512232956,0.7870385085088175,-3.2260784329005334,0.36977547306593944,0.8435617860851505,0.041555266804088165,0.054709096073375464,0.11001174222370966,4.1156,1.0303,2.9541,-0.0002
4,convexCTABGAN,0.004982116479438885,0.22991924992195734,0.28186408602628693,0.8011361033705656,-3.336564028429519,0.3627452667104677,0.8323987538940809,0.02660107653432988,0.03379612929066852,0.11550822777628345,4.1038,1.0766,3.5611,0.0004
5,TabDDPM,0.11930101160251382,0.0,0.10723718359837114,0.6135605355941693,-2.1062309626911135,0.32561514375169043,0.22165109034267916,0.03367001107270942,0.02935857658765796,0.07212309661759164,4.0354,1.3098,4.2938,0.0062
