,Model,Student-T-test,KL divergence,PropensityScore,PredictRealOrSyn,Log Cluster Metric,Feature Correlations Difference,Cross-validation,F-1 score,Geometric Mean,Feature-consistency,EuclideanDistance_Mean,EuclideanDistance_Std,HausdorffDistance,CosineSimilarity
0,NextConvGeN,0.0017470559549541292,0.009233749164990993,0.1176324724832239,0.5108625573777668,-2.0685366055027075,0.27128652048399704,0.06146179401993357,0.6384740633777861,0.6300073374972781,0.02565866704721572,5.1558,1.1908,3.9223,0.0015
1,CTGAN,0.08611675138971353,0.010395536993984454,0.2899823238883057,0.7740424612436605,-4.854957776216228,0.11604625651129905,0.6116279069767442,0.1309954918898161,0.08142268826493848,0.0820074377628993,5.1922,1.0205,4.5795,0.0011
2,convexCTGAN,0.005049151725896256,0.03272397635642099,0.23561438925082095,0.7266428383492018,-6.915725745106489,0.08512736645035149,0.6111849390919157,0.10986262018156956,0.07301565342070754,0.07381653613420301,5.1854,1.0541,4.4274,0.0015
3,CTABGAN,3.960347205853296e-05,0.22681897004460977,0.34413443752802253,0.8403029932245202,-2.208131997302949,0.08938641912357659,0.6117386489479513,0.039817402883605024,0.04937090773189229,0.06438595704934907,5.2099,0.9256,3.9835,0.0001
4,convexCTABGAN,6.2512480392052825e-06,0.25037572056147045,0.3852958341706262,0.8920431770913902,-1.814981266169008,0.10607435033696722,0.5542635658914729,0.10279220024525446,0.03248864826703768,0.08157051922503523,5.2083,0.9349,4.1211,0.0
5,TabDDPM,0.7271467442459401,0.00361548301712877,0.03187625334440526,0.33909229915349864,-9.167216028677267,0.036104815269438956,0.023477297895902582,0.17040784418833202,0.1639893981819049,0.022462706721256505,5.1379,1.2657,3.8329,0.003
