,Model,Student-T-test,KL divergence,PropensityScore,PredictRealOrSyn,Log Cluster Metric,Feature Correlations Difference,Cross-validation,F-1 score,Geometric Mean,Feature-consistency,EuclideanDistance_Mean,EuclideanDistance_Std,HausdorffDistance,CosineSimilarity
0,NextConvGeN,0.0017470559549541292,0.009233749164990993,0.11769409657180802,0.5209746842304981,-2.0685366055027075,0.27128652048399704,0.06146179401993357,0.6384740633777861,0.6300073374972781,0.02565866704721572,5.1558,1.1908,3.9223,0.0015
1,CTGAN,0.08611675138971353,0.010395536993984454,0.2899809353970521,0.7713711488162505,-4.854957776216228,0.11604625651129905,0.6116279069767442,0.1309954918898161,0.08142268826493848,0.0820074377628993,5.1922,1.0205,4.5795,0.0011
2,convexCTGAN,0.02749057834805329,0.04922800350582269,0.29531458131472216,0.8178751454132291,-5.773351869752295,0.09823717072003922,0.559468438538206,0.018877870097382288,0.005134506440722719,0.06875449175220646,5.1782,1.089,5.738,0.0014
3,CTABGAN,3.960347205853296e-05,0.22681897004460977,0.3446034136500031,0.8396943989202736,-2.208131997302949,0.08938641912357659,0.6117386489479513,0.039817402883605024,0.04937090773189229,0.06438595704934907,5.2099,0.9256,3.9835,0.0001
4,convexCTABGAN,2.313490968822034e-08,0.23221566817304598,0.36583485543051586,0.8857587374938121,-1.8831952180000482,0.09476644160066484,0.6209302325581395,0.008180734380577037,0.0002745850402918193,0.10040823120570866,5.2096,0.9272,4.2101,-0.0002
5,TabDDPM,0.72714674424594,0.00361548301712877,0.03188157813982181,0.35119749747820916,-9.167216028677267,0.03610481599380096,0.023477297895902582,0.17040784418833202,0.1639893981819049,0.022462706721256505,5.1379,1.2657,3.8329,0.003
