,Model,Student-T-test,KL divergence,PropensityScore,PredictRealOrSyn,Log Cluster Metric,Feature Correlations Difference,Cross-validation,F-1 score,Geometric Mean,Feature-consistency,EuclideanDistance_Mean,EuclideanDistance_Std,HausdorffDistance,CosineSimilarity
0,NextConvGeN,0.71778663589738,0.0029162399350366273,0.004385728525473657,0.4419217904756839,-21.416413017506358,0.009976206217500255,0.072133526850508,0.18010218803698796,0.20479106370162237,0.03653363258343144,5.4158,2.9444,5.4418,0.0342
1,CTGAN,2.918700094096667e-22,0.010662355028349642,0.05409016345495905,0.6717763971774178,-5.117907232226,0.03651908503727473,0.20544267053701026,0.48221602880980613,0.4992567663924606,0.3426428859197023,5.6797,2.3961,9.2539,0.0127
2,convexCTGAN,3.4921337854436295e-05,0.02300207116616223,0.039386797689739815,0.6538771884689376,-4.850931687078864,0.03714147033585254,0.20885341074020325,0.4578129698804314,0.4771612142971867,0.3754853056432662,5.7159,2.3084,8.2017,0.0113
3,CTABGAN,1.3824494302206924e-12,0.33909410926734,0.21165114806654922,0.9755971748480073,-1.6800084112531748,0.03969761057578951,0.19782293178519605,0.031997874728951825,0.04806957687692687,0.5016576281801444,5.8615,1.9088,5.1205,0.0009
4,convexCTABGAN,1.1241664548822401e-08,0.33623360084835535,0.21181774654444957,0.9700653162351276,-1.6025484586794903,0.039772168026704524,0.19731494920174175,0.4314561363779967,0.43860769837757085,0.45943600895170483,5.8624,1.9058,4.8504,0.0007
5,TabDDPM,0.2586831390324266,0.002095555641274615,0.004954417889723405,0.4113756996256492,-21.416413017506358,0.014499456151322103,0.1523947750362845,0.031997874728951825,0.04806957687692687,0.02012981038087802,5.3766,2.8447,2.1487,0.0307
