,Model,Student-T-test,KL divergence,PropensityScore,PredictRealOrSyn,Log Cluster Metric,Feature Correlations Difference,Cross-validation,F-1 score,Geometric Mean,Feature-consistency,EuclideanDistance_Mean,EuclideanDistance_Std,HausdorffDistance,CosineSimilarity
0,NextConvGeN,0.5274639345731452,0.001437470319925461,0.054262464528207016,0.4563943294921766,-9.270903817407499,0.007416800840862184,0.009513742071881492,0.0,0.0,0.015235210489141034,5.5464,1.1126,3.4693,0.0008
1,CTGAN,1.3722886621405862e-26,0.017264998574377355,0.2606792712633885,0.7267496082035525,-4.275690033042999,0.014430252401051358,0.07864693446088789,0.0,0.0,0.017767186145014394,5.5929,0.8483,4.709,0.0005
2,CTABGAN,3.8949211851517676e-55,0.009280346285591675,0.30530394494653845,0.8096286087204613,-6.101811532141805,0.01402129472884759,0.07410147991543337,0.0,0.0,0.017132788439150656,5.598,0.814,4.8053,0.0003
3,CART,0.6712353791624377,0.005885998589897667,0.09357238719065718,0.5497466096616568,-7.530652125073046,0.00861117363390728,0.02758985200845676,0.0,0.0,0.02098402481124498,5.5636,1.0232,4.6515,0.0006
4,DataSynth,0.7960588412988494,0.002881921820182686,0.05715405308810537,0.48086825012134027,-7.695401121343536,0.013010113525148253,0.08794926004228343,0.0,0.0,0.019616245630128034,5.5802,0.9278,5.8621,0.0007
5,GReaT,1.4630415580170704e-07,0.012909784521811397,0.16045402653856827,0.6595164377616343,-8.239821032768306,0.014319846796148622,0.07854122621564485,0.0,0.0,0.01586024683095329,5.5983,0.8115,4.6607,0.0003
6,TabDDPM,0.8184550557074973,0.003072435936514384,0.058753429920263694,0.4422894050748358,-7.300780736149196,0.005969399250369092,0.01839323467230436,0.0,0.0,0.01670345454688516,5.542,1.1342,2.8401,0.001
