,Model,Student-T-test,KL divergence,PropensityScore,PredictRealOrSyn,Log Cluster Metric,Feature Correlations Difference,Cross-validation,F-1 score,Geometric Mean,Feature-consistency,EuclideanDistance_Mean,EuclideanDistance_Std,HausdorffDistance,CosineSimilarity
0,NextConvGeN,0.5274639345731452,0.001437470319925461,0.005052282377625312,0.4526777208975193,-8.798235684250939,0.007416801759694365,0.009513742071881492,0.0,0.0,0.02358922719116013,5.5464,1.1126,3.4693,0.0008
1,CTGAN,1.3722886621405865e-26,0.017264998574377355,0.08793830756353686,0.7267496082035525,-6.7191431202813465,0.014430251119218187,0.07864693446088789,0.0,0.0,0.0731500998203615,5.5929,0.8483,4.709,0.0005
2,convexCTGAN,0.0001360322602146935,0.0282888004111386,0.03307526295716502,0.6405463772249074,-9.92102435767141,0.014694509231620145,0.06469344608879501,0.0,0.0,0.13645018571419698,5.5893,0.8717,4.8046,0.0005
3,CTABGAN,3.8949211851515995e-55,0.009280346285591675,0.12433651298622224,0.8123971580006385,-5.511096786328591,0.014021293972962211,0.07410147991543337,0.0,0.0,0.06166488782218235,5.598,0.814,4.8053,0.0003
4,convexCTABGAN,0.002861034315010133,0.01264056217280857,0.02229141699123566,0.5865506466434933,-7.252577417022941,0.014670628617711366,0.07864693446088811,0.0,0.0,0.14170566843447585,5.5981,0.8134,4.8358,0.0002
5,TabDDPM,0.8184550557074973,0.003072435936514384,0.0053638162724979725,0.4422894050748357,-7.519069211590834,0.005969395450950645,0.01839323467230436,0.0,0.0,0.011191696482126959,5.542,1.1342,2.8401,0.001
