,Model,Student-T-test,KL divergence,PropensityScore,PredictRealOrSyn,Log Cluster Metric,Feature Correlations Difference,Cross-validation,F-1 score,Geometric Mean,Feature-consistency,EuclideanDistance_Mean,EuclideanDistance_Std,HausdorffDistance,CosineSimilarity
0,NextConvGeN,0.04379319304847086,0.003786983301473038,0.03884212056802991,0.7032070093410031,-2.071632485148687,0.22898291188723113,0.11045296167247387,0.0,0.0,0.017657434724126297,4.9224,1.3305,3.9669,-0.0004
1,CTGAN,0.4266600714557328,0.011933532161045137,0.12199796104841937,0.6843486817234536,-9.871265476667693,0.051544536716877004,0.48304297328687573,0.0,0.0,0.06235404461270464,4.9676,1.1503,5.1968,0.0008
2,convexCTGAN,0.10896773954066903,0.009861142274717362,0.17976048355396765,0.7182111259919602,-10.676354396671279,0.060950987699170484,0.4696864111498258,0.19697397965114496,0.18831200727393416,0.0623649290250421,4.9614,1.1768,5.4107,0.001
3,CTABGAN,0.006346056139685902,0.03363338814309865,0.2948196449062812,0.8444855095090127,-2.0185861347047562,0.055521877907972764,0.5547038327526133,0.19697397965114496,0.18831200727393416,0.055232365783999926,4.9922,1.0384,3.7111,0.0004
4,convexCTABGAN,0.03879709600784353,0.02715078836282878,0.29488478606386515,0.837962431290735,-1.9915781087253943,0.06452044896131891,0.45911730545876883,0.19697397965114496,0.18831200727393416,0.05528558021855171,4.9874,1.0608,3.9102,0.0003
5,TabDDPM,0.13054420929278274,0.01659178744893774,0.08697936153482032,0.5669569948652498,-2.1708924679337342,0.10975677553644811,0.11509872241579555,0.029365481539394667,0.04723118319339825,0.03310952833115429,4.9314,1.2967,4.921,0.0012
