,Model,Student-T-test,KL divergence,PropensityScore,PredictRealOrSyn,Log Cluster Metric,Feature Correlations Difference,Cross-validation,F-1 score,Geometric Mean,Feature-consistency,EuclideanDistance_Mean,EuclideanDistance_Std,HausdorffDistance,CosineSimilarity
0,NextConvGeN,0.04379319304847086,0.003786983301473038,0.03884212056802994,0.7032070093410031,-2.071632485148687,0.22898291147906505,0.11045296167247387,0.0,0.0,0.017657434724126297,4.9224,1.3305,3.9669,-0.0004
1,CTGAN,0.4266600714557328,0.011933532161045137,0.12197518890576906,0.6843486817234536,-9.871265476667693,0.05154453423335014,0.48304297328687573,0.0,0.0,0.06235404461270464,4.9676,1.1503,5.1968,0.0008
2,convexCTGAN,0.13920176534951034,0.011936867979535692,0.06505660224139187,0.6557505139751391,-5.6546462491914875,0.06434408502744432,0.5070847851335657,0.0,0.0,0.07344721510384436,4.9477,1.2328,5.0135,0.0011
3,CTABGAN,0.006346056139685902,0.03363338814309865,0.29482123482467876,0.8444855095090127,-2.0185861347047562,0.0555218754244459,0.5547038327526133,0.19697397965114496,0.18831200727393416,0.055232365783999926,4.9922,1.0384,3.7111,0.0004
4,convexCTABGAN,0.02199050214464423,0.029738168511515523,0.2507591512566422,0.7971506767986257,-1.9459797476334773,0.05511846402425548,0.45969802555168404,0.19697397965114496,0.18831200727393416,0.08683571685871644,4.988,1.0583,4.022,0.0003
5,TabDDPM,0.13054420929278274,0.01659178744893774,0.0869793657068197,0.5669569948652498,-2.1708924679337342,0.10975677597106531,0.11509872241579555,0.029365481539394667,0.04723118319339825,0.03310952833115429,4.9314,1.2967,4.921,0.0012
