,Model,Accuracy,F1_score,RMSE
0,NextConvGeN,0.61739431054919,0.6092400442170629,1.2949492016572046
1,CTGAN,0.5557797595529717,0.5538594719730392,1.5508154385688582
2,convexCTGAN,0.595938928712536,0.5869604944450527,1.3516439646386729
3,CTABGAN,0.42666647852345196,0.46426580741904205,1.6181132840967876
4,convexCTABGAN,0.5463467291302139,0.5377401043870251,1.4256920267529791
5,TabDDPM,0.638955522944065,0.6361450918819118,1.3001203127394434
