,Model,Accuracy,F1_score,RMSE
0,NextConvGeN,0.3710247349823322,0.36570960265196134,1.3262907751158233
1,CTGAN,0.3568904593639576,0.32953817884819403,1.3511005289601437
2,convexCTGAN,0.29328621908127206,0.28963115511765275,1.5216291938437498
3,CTABGAN,0.36395759717314485,0.29209576538614157,1.3092885834051606
4,convexCTABGAN,0.2968197879858657,0.22509022883165475,1.1659864947603518
5,TabDDPM,0.3392226148409894,0.35344934858730237,1.4305761292006478
