Model,f1score_mean,f1score_std,RMSE_mean,RMSE_std
CART,0.4678957074374102,0.006237897033249389,,
CTABGAN,0.32144949089795133,0.014243838317322871,,
CTGAN,0.4438915306362007,0.0050579748729467485,,
DataSynth,0.3207765679845719,0.01477911078374484,,
GReaT,0.4433725502294191,0.00821407884429912,,
NextConvGeN,0.46584917800436737,0.0071615123916842745,,
TabDDPM,0.464423013255732,0.005977047767180268,,
