,Model,Accuracy,F1_score,RMSE
0,NextConvGeN,0.3674911660777385,0.3736939920214919,1.3412254933878562
1,CTGAN,0.31802120141342755,0.31086294447601864,1.3710611131041064
2,convexCTGAN,0.2579505300353357,0.2679522597543799,1.4626199251723575
3,CTABGAN,0.38515901060070673,0.3232166826007558,1.1845629101976556
4,convexCTABGAN,0.4204946996466431,0.3633340261899813,1.1618819473390527
5,TabDDPM,0.3250883392226148,0.3341672307082233,1.3323321634242395
