,Model,Accuracy,F1_score,RMSE
0,NextConvGeN,0.5677083333333334,0.5700035141686604,1.2382272805549808
1,CTGAN,0.15625,0.15974477027506206,1.3965466792187566
2,convexCTGAN,0.125,0.13263040353733754,1.438600504988096
3,CTABGAN,0.1640625,0.13899225199401763,1.3206684453481805
4,convexCTABGAN,0.24739583333333334,0.22804752501359493,1.3522524072331705
5,TabDDPM,0.5364583333333334,0.535945089932409,1.2437405375633377
