,Model,Accuracy,F1_score,RMSE
0,NextConvGeN,0.36042402826855124,0.36658240183891827,1.3471011882008794
1,CTGAN,0.38515901060070673,0.3634659129298176,1.3674753757527507
2,convexCTGAN,0.29328621908127206,0.30344620597136657,1.460522258688816
3,CTABGAN,0.4169611307420495,0.24539358317985954,1.1649588037906944
4,convexCTABGAN,0.34275618374558303,0.2977118693158779,1.2189538991612139
5,TabDDPM,0.4275618374558304,0.4257938595484762,1.4093623524154926
