,Model,Accuracy,F1_score,RMSE
0,NextConvGeN,0.6098104793756967,0.603112792046611,
1,CTGAN,0.4972129319955408,0.489541305328831,
2,convexCTGAN,0.48494983277591974,0.4810204011118434,
3,CTABGAN,0.46098104793756967,0.4218124953592647,
4,convexCTABGAN,0.4860646599777035,0.4790385508465412,
5,TabDDPM,0.6304347826086956,0.6309938298551224,
