,Model,Accuracy,F1_score,RMSE
0,NextConvGeN,0.6232273838630806,0.6194834805225405,1.3111643872118792
1,CTGAN,0.5637326813365933,0.5724433438963652,1.4797663276062667
2,convexCTGAN,0.5857375713121433,0.5887098041658767,1.3580882358781603
3,CTABGAN,0.3910350448247759,0.43106484581278537,1.3323294096591947
4,convexCTABGAN,0.5049714751426242,0.5143473852135457,1.4922077736960067
5,TabDDPM,0.6624286878565606,0.6614812618741478,1.2757917790998519
