,Model,Student-T-test,KL divergence,PropensityScore,PredictRealOrSyn,Log Cluster Metric,Feature Correlations Difference,Cross-validation,F-1 score,Geometric Mean,Feature-consistency,EuclideanDistance_Mean,EuclideanDistance_Std,HausdorffDistance,CosineSimilarity
0,NextConvGeN,0.6540488109637701,0.0,0.028336125977714705,0.473556351346042,-10.630480140471942,0.038821743604337836,0.009241952232606376,0.0,0.0,0.06275460656863172,4.0181,1.3619,2.5609,0.0048
1,CTGAN,0.03916193860163103,0.0195894133226476,0.22302891898896993,0.725170863710394,-3.7056791796993704,0.35973163281428594,0.823104880581516,0.021563209096450237,0.028199722622455112,0.12029945570468628,4.0657,1.2125,5.595,0.0026
2,convexCTGAN,0.4497072694065349,0.0,0.10299159260614357,0.612769276028053,-5.497779664244039,0.24429725664109425,0.6368812737971615,0.0583882564883661,0.06202401304384754,0.12438879393797567,4.0743,1.1831,3.8271,0.0025
3,CTABGAN,0.1164815897651884,0.25886612265281067,0.32292351688201415,0.8297737916013391,-2.446981067996788,0.36739593535273135,0.8231221876081689,0.02911747449562576,0.037021907121369595,0.12045547776232804,4.1107,1.0497,3.1169,-0.0003
4,convexCTABGAN,0.001149215234444743,0.19113750001091448,0.28897922013985594,0.8039443098524582,-3.1033931572372495,0.36290938791314786,0.8155590169608861,0.03295863800065481,0.028936158481850632,0.10741242034602583,4.1058,1.0688,3.2801,0.0006
5,TabDDPM,0.07867978176862736,0.0,0.1937471570655532,0.7131115255686277,-2.0996697496533963,0.32229885015387094,0.2494980962270681,0.08016071491128449,0.08776266665292244,0.11085029344853711,4.0661,1.2112,4.2407,0.0044
