,Model,Student-T-test,KL divergence,PropensityScore,PredictRealOrSyn,Log Cluster Metric,Feature Correlations Difference,Cross-validation,F-1 score,Geometric Mean,Feature-consistency,EuclideanDistance_Mean,EuclideanDistance_Std,HausdorffDistance,CosineSimilarity
0,NextConvGeN,0.6540488109637701,0.0,0.02811448581744542,0.4775440845265647,-10.630480140471942,0.038821743604337836,0.009241952232606376,0.0,0.0,0.06275460656863172,4.0181,1.3619,2.5609,0.0048
1,CTGAN,0.03916193860163103,0.0195894133226476,0.22309911707880684,0.725170863710394,-3.7056791796993704,0.35973163281428594,0.823104880581516,0.021563209096450237,0.028199722622455112,0.12029945570468628,4.0657,1.2125,5.595,0.0026
2,convexCTGAN,0.242972499631755,0.0,0.12368044474343731,0.6383818621182644,-5.487413891819979,0.22107218837408724,0.5958636206299757,0.02858777844158593,0.027182361818433573,0.09455620530417044,4.0678,1.2056,4.3937,0.0019
3,CTABGAN,0.1164815897651884,0.25886612265281067,0.32292333741707635,0.8297737916013391,-2.446981067996788,0.36739593535273135,0.8231221876081689,0.02911747449562576,0.037021907121369595,0.12045547776232804,4.1107,1.0497,3.1169,-0.0003
4,convexCTABGAN,0.0013007465322164623,0.2372142444579556,0.30771664743955457,0.8180429549035738,-2.810105547900911,0.3586036520349128,0.8082208376600899,0.030402883188441858,0.03591245281195956,0.11819858311835815,4.1013,1.0861,3.3808,0.0007
5,TabDDPM,0.07867978176862736,0.0,0.19375824024262117,0.7114166103143903,-2.0996697496533963,0.32229885015387094,0.2494980962270681,0.08016071491128449,0.08776266665292244,0.11085029344853711,4.0661,1.2112,4.2407,0.0044
