,Model,Student-T-test,KL divergence,PropensityScore,PredictRealOrSyn,Log Cluster Metric,Feature Correlations Difference,Cross-validation,F-1 score,Geometric Mean,Feature-consistency,EuclideanDistance_Mean,EuclideanDistance_Std,HausdorffDistance,CosineSimilarity
0,NextConvGeN,0.6898756684487203,0.0038649229223137105,0.06207447058971738,0.4470902015901045,-7.962274251222251,0.015000439682224675,0.03040638606676349,0.07817045988791141,0.06795901439284524,0.006121790314339623,5.4519,3.0458,4.7941,0.0209
1,CTGAN,0.07812761395546979,0.011782057224607179,0.09232937336825846,0.6093856498768783,-4.061836427441591,0.024256775517914452,0.4563134978229318,0.11193554364387212,0.12281676346666981,0.042823023973317845,5.7941,2.5353,9.9565,0.0098
2,convexCTGAN,4.484959206485303e-09,0.03289244729785027,0.19549745409000352,0.7039168731093457,-5.724625748193381,0.022403156261695825,0.43323657474600874,0.023523228602149837,0.022618900251959173,0.050966456411281884,5.8245,2.4648,8.8378,0.0113
3,CTABGAN,5.510874940474413e-14,0.3815274932643963,0.46282034201145705,0.9809061415831671,-1.5860177059971368,0.025013382166705917,0.3727140783744557,0.08598515085147532,0.08011489405880956,0.05133140818758268,6.0053,1.984,4.7061,0.0
4,convexCTABGAN,2.4028190209236644e-05,0.3844183816533279,0.4617249324395287,0.9731355732687585,-1.5608350686985057,0.025298162063954556,0.4296081277213352,0.11193554364387212,0.12281676346666981,0.06335812666239804,6.006,1.982,4.6406,0.0
5,TabDDPM,0.9749323236078431,0.00471922066675698,0.05340890871156149,0.3939897785363632,-4.581811225547146,0.010618500553192757,0.0534833091436866,0.04066679080529495,0.0239416359501608,0.020912560233046044,5.4918,3.1369,4.1327,0.0204
