,Model,Accuracy,F1_score,RMSE
0,NextConvGeN,0.6475279106858055,0.6445236325223623,1.0996525348503108
1,CTGAN,0.5518341307814992,0.5634273135525252,1.4993677637777099
2,convexCTGAN,0.5175438596491229,0.5300861594145215,1.549534577343168
3,CTABGAN,0.29106858054226475,0.2786015069394306,1.533846880079551
4,convexCTABGAN,0.3811802232854864,0.39597855014530176,1.521852497995435
5,TabDDPM,0.5964912280701754,0.5471831496567909,1.7764805474049985
