,Model,Accuracy,F1_score,RMSE
0,NextConvGeN,0.595,0.5954033141533142,0.9689643852183413
1,CTGAN,0.5016666666666667,0.4993636542170736,1.4398297697032625
2,convexCTGAN,0.47166666666666673,0.4664125470991686,1.4743830721491662
3,CTABGAN,0.56,0.5363095022314706,1.1731384619070802
4,convexCTABGAN,0.5583333333333333,0.5560237815437001,1.1650620855014988
5,TabDDPM,0.5616666666666666,0.5593420754714424,1.1366306464638223
