,Model,Student-T-test,KL divergence,PropensityScore,PredictRealOrSyn,Log Cluster Metric,Feature Correlations Difference,Cross-validation,F-1 score,Geometric Mean,Feature-consistency,EuclideanDistance_Mean,EuclideanDistance_Std,HausdorffDistance,CosineSimilarity
0,NextConvGeN,0.7070916674842925,0.0034606001147946056,0.032342639372127786,0.4674980149507916,-15.954419415352813,0.008714382135960725,0.03904109589041094,0.07535409110729102,0.09426446741553801,0.0033818700548527217,5.5753,1.7076,4.0873,0.0051
1,CTGAN,0.002062643451133408,0.03255675680470745,0.17897904826070807,0.6751739458443577,-7.732029587603564,0.08235832982916028,0.47397260273972597,0.15845102474915013,0.20149638285265703,0.012068124511136386,5.6782,1.3261,6.1577,0.0021
2,convexCTGAN,0.008292785366037116,0.017126434391782956,0.11345879876578907,0.6311515968281498,-10.177371299716107,0.024008561247028007,0.13287671232876708,0.21476090268188147,0.18674122384847136,0.005163157028961862,5.6416,1.4741,5.7088,0.0039
3,CTABGAN,0.0047637074604072295,0.36324945401661085,0.44724987357016815,0.9368743436300537,-1.52355307448546,,0.48767123287671227,0.04907970011500418,0.09201691657943092,0.015240503391671153,5.625,1.1659,4.3235,0.0002
4,convexCTABGAN,0.0005980711980923674,0.0711293601959003,0.3299041011373782,0.8475925781204559,-2.216719072443531,,0.4602739726027397,0.04907970011500418,0.09201691657943092,0.00641445628065862,5.6103,1.2348,5.005,0.0016
5,TabDDPM,0.6870626141566073,0.001105926780359555,0.023655279244401875,0.42385383241404506,-10.069730869645703,0.008267529287150736,0.002054794520547687,0.08538453966299636,0.061048688337426826,0.0047807868908325,5.5837,1.6799,2.1617,0.0052
