,Model,Student-T-test,KL divergence,PropensityScore,PredictRealOrSyn,Log Cluster Metric,Feature Correlations Difference,Cross-validation,F-1 score,Geometric Mean,Feature-consistency,EuclideanDistance_Mean,EuclideanDistance_Std,HausdorffDistance,CosineSimilarity
0,NextConvGeN,0.037213937028499684,0.005063097814536929,0.002044482653335222,0.701242813389122,-2.070054827301167,0.21829472699736105,0.042508710801393734,0.29320987654320985,0.27110193777857616,0.03806857375390569,4.9293,1.3045,4.0211,0.0011
1,CTGAN,3.6555077063135006e-05,0.004221953908915665,0.09626517211987909,0.7587859222095683,-2.817651300315122,0.05262769545238767,0.23008130081300815,0.3666666666666667,0.35188096422194215,0.17494098194381635,4.9671,1.1523,4.7904,0.0019
2,convexCTGAN,0.15432421897411538,0.00975177710058994,0.009090535593570087,0.62356542691082,-21.416413017506358,0.051128692668571785,0.1821138211382114,0.38569819819819817,0.3918902430817789,0.14927862766300523,4.9488,1.2287,4.9731,0.0016
3,CTABGAN,0.004274084473764266,0.03353575949503796,0.08132940381016802,0.752932469774575,-3.15670348739653,0.05151805858097427,0.1772357723577236,0.0,0.0,0.2030660133051617,4.9908,1.0449,4.1525,0.0007
4,convexCTABGAN,0.14220790729089075,0.025829039626684907,0.10708272150614365,0.8284062180642726,-1.910802221589558,0.05612494435665353,0.1821138211382114,0.0,0.0,0.22038463971527592,4.9888,1.0544,3.876,0.0005
5,TVAE,0.15336532749579976,0.1008401114948932,0.06564271655739562,0.6675099646307078,-8.527682975431095,0.0628141510801622,0.00023228803716612845,0.3666666666666667,0.35188096422194215,0.07649222063342781,4.9463,1.2385,4.0218,0.0021
6,TabDDPM,0.012210823157587215,0.027623086746986856,0.2386400488871948,0.9809249079527014,-1.9803294767099855,0.457783419603503,0.032984901277584244,0.42477570738440307,0.4118806788667192,0.1681875536776359,4.9771,1.1082,4.5346,-0.0001
