,Model,Student-T-test,KL divergence,PropensityScore,PredictRealOrSyn,Log Cluster Metric,Feature Correlations Difference,Cross-validation,F-1 score,Geometric Mean,Feature-consistency,EuclideanDistance_Mean,EuclideanDistance_Std,HausdorffDistance,CosineSimilarity
0,NextConvGeN,0.037213937028499684,0.005063097814536929,0.04603594934216358,0.652036201020467,-5.595918301242283,0.21829472539859063,0.042508710801393734,0.29320987654320985,0.27110193777857616,0.02075295345980353,4.9293,1.3045,4.0211,0.0011
1,CTGAN,3.655507706313499e-05,0.004221953908915665,0.27746029535684374,0.7569357834491612,-4.008446621914658,0.052627688482990403,0.23960511033681764,0.3666666666666667,0.35188096422194215,0.033797178098894855,4.9671,1.1523,4.7904,0.0019
2,CTABGAN,0.004274084473764266,0.03353575949503796,0.24798074574194334,0.7561032014818921,-2.735770569567038,0.05151805479723378,0.1772357723577236,0.0,0.0,0.02563935422042633,4.9908,1.0449,4.1525,0.0007
3,CART,0.5105420373806485,0.0051904561228518055,0.04493843330928035,0.5331336746622329,-9.77398187440976,0.041119982887017056,0.07166085946573764,0.0,0.0,0.024001312974642985,4.9258,1.3176,7.4981,0.0024
4,DataSynth,0.2548668009500776,0.003431518147414768,0.06335903534840023,0.5408161402041451,-9.443361657025058,0.04745387549716711,0.13914053426248552,0.0,0.0,0.03787542513212297,4.9151,1.3572,5.9512,0.0015
5,GReaT,0.0028899330980627527,0.036757668885907625,0.49999394703769207,0.9975609756097562,-1.3862943611198906,0.05044306758783638,0.17212543554006976,0.533868092691622,0.5230588750033665,0.03798470284135743,4.9894,1.0514,3.7187,0.0003
6,TabDDPM,0.012210823157587215,0.027623086746986856,0.45505257205795757,0.9832504893480504,-1.9803294767099855,0.45778343253336473,0.037862950058072053,0.40028879768961845,0.37712570409673796,0.02635104203884343,4.9771,1.1082,4.5346,-0.0001
