,Model,Student-T-test,KL divergence,PropensityScore,PredictRealOrSyn,Log Cluster Metric,Feature Correlations Difference,Cross-validation,F-1 score,Geometric Mean,Feature-consistency,EuclideanDistance_Mean,EuclideanDistance_Std,HausdorffDistance,CosineSimilarity
0,NextConvGeN,0.7469252533827275,0.004341237541164155,0.05682453035526379,0.42455617460575645,-7.85480182218151,0.013096994472654427,0.06081277213352698,0.06654435653403662,0.05929787727628562,0.0243147496126891,5.3803,2.6557,3.6838,0.0208
1,CTGAN,1.303101572574796e-26,0.010812203881476187,0.2179722421739494,0.737467513147666,-5.206640023293634,0.023819367904503237,0.4486937590711175,0.15421273772666963,0.17518088709334928,0.05206012106768272,5.6391,2.4901,9.9322,0.0096
2,convexCTGAN,1.663197412798431e-14,0.023995232402284464,0.20320537141533063,0.7098328934867844,-6.144063285159735,0.023841138300831097,0.4330914368650217,0.27635638938840584,0.2799586057012912,0.05715937022316269,5.7213,2.295,9.5856,0.0097
3,CTABGAN,1.4152102129223766e-32,0.344994691235939,0.4572957414259242,0.9737023134303934,-1.6025484586794903,0.026355961039436472,0.44883889695210444,0.2708978328173374,0.26877664434455845,0.05589486610318695,5.8839,1.8383,4.6454,0.0001
4,convexCTABGAN,1.6127714547917327e-15,0.340925943670077,0.45265425656554703,0.9755336627034741,-1.6285255183440188,0.026044484489672403,0.4832365747460087,0.03272474178629509,0.019513656376095756,0.056683032867794844,5.8831,1.8411,4.4982,0.0001
5,TabDDPM,0.9834897970706801,0.004795200421813999,0.055936564373622356,0.4424766136300147,-7.302240162658795,0.009649059276690677,0.034397677793904236,0.11762475526364014,0.11119261844695368,0.03310574692807446,5.3977,2.8044,4.8507,0.0217
