,Model,Accuracy,F1_score,RMSE
0,NextConvGeN,0.5549999999999999,0.5544535080191186,1.064943271678631
1,CTGAN,0.54,0.5438396947229098,1.4640618066911955
2,CTABGAN,0.5666666666666667,0.5297839292630692,1.3393290856169466
3,TabDDPM,0.58,0.5762487408209775,1.3920766754157154
4,CART,0.5333333333333333,0.5331604930446617,1.4723694021225617
5,DataSynth,0.5133333333333333,0.515048900816398,1.705725327231469
6,GReaT,0.5466666666666666,0.5322343682058563,1.1885494150219436
