,Model,Accuracy,F1_score,RMSE
0,NextConvGeN,0.5549999999999999,0.5544535080191186,1.064943271678631
1,CTGAN,0.54,0.5438396947229098,1.4640618066911955
2,convexCTGAN,0.5366666666666666,0.5232932785154496,1.5347195178337085
3,CTABGAN,0.5666666666666667,0.5297839292630692,1.3393290856169466
4,convexCTABGAN,0.5933333333333333,0.5146819727868168,1.1286937560202202
5,TabDDPM,0.58,0.5762487408209774,1.3920766754157154
