,Model,Accuracy,F1_score,RMSE
0,NextConvGeN,0.6900000000000001,0.6823003988231497,1.3115394094793054
1,CTGAN,0.5366666666666667,0.5102301082402401,1.3660010468579262
2,convexCTGAN,0.5000000000000001,0.48184674965173363,1.2724788778295235
3,CTABGAN,0.5,0.522743694816328,1.3830337949526113
4,convexCTABGAN,0.4166666666666667,0.4283562406653368,1.287768314662226
5,TabDDPM,0.69,0.6715276063573935,1.1085639348609595
