,Model,Student-T-test,KL divergence,PropensityScore,PredictRealOrSyn,Log Cluster Metric,Feature Correlations Difference,Cross-validation,F-1 score,Geometric Mean,Feature-consistency,EuclideanDistance_Mean,EuclideanDistance_Std,HausdorffDistance,CosineSimilarity
0,NextConvGeN,0.0001029884626776519,0.017739915909367125,0.04342461596735286,0.6129542844010103,-2.057230887942556,0.2886316305104662,0.023255813953488302,0.2012696954302794,0.254843172156553,0.13839034585966412,5.1603,1.1712,4.1861,0.0012
1,CTGAN,0.002964593632679793,0.0077317800643535595,0.14684557241913723,0.8519809976755894,-4.159740177732603,0.09625064738571872,0.3312292358803987,0.08494838494838497,0.06535750044837729,0.17754239420905898,5.1929,1.0166,4.4588,0.001
2,convexCTGAN,0.00042209498811392085,0.03258753343534831,0.1352185248541868,0.8508803777166405,-4.75614640880419,0.08613350998838101,0.25625692137320044,0.1097944608582907,0.10485762467571991,0.19194975217878818,5.1844,1.0592,5.509,0.0009
3,CTABGAN,0.007229825313180782,0.22548029374163678,0.1709068966781159,0.8980749289481025,-1.8205046475070266,0.08767471587219097,0.31262458471760796,0.1097944608582907,0.10485762467571991,0.2238489511741498,5.2121,0.9133,4.0904,-0.0001
4,convexCTABGAN,0.018208422361889867,0.24815414401171923,0.18381544143208545,0.9258484703950212,-1.662249478328083,0.08954836099684349,0.25105204872646725,0.0,0.0,0.07818315752285337,5.2091,0.93,4.2639,-0.0001
5,TVAE,0.22308215274090287,0.046465091908808265,0.0873208608627068,0.7242429501815513,-7.435579088564646,0.09089951460422446,0.09501661129568095,0.0,0.0,0.04872937843512526,5.046,1.2401,5.2193,0.0014
6,TabDDPM,0.2552127943537878,0.00692501218522308,0.009548341715777793,0.5131154552591835,-7.196357281150266,0.12818467610865492,0.080952380952381,0.1097944608582907,0.10485762467571991,0.03890673402802822,5.1402,1.2565,4.4345,0.0024
