,Model,Accuracy,F1_score,RMSE
0,NextConvGeN,0.4950842696629213,0.49024542916958513,
1,CTGAN,0.45786516853932585,0.43290973447399317,
2,convexCTGAN,0.4406601123595506,0.4411083498686287,
3,CTABGAN,0.3648174157303371,0.34547857024989714,
4,convexCTABGAN,0.39290730337078655,0.3828667433634473,
5,TabDDPM,0.4906952247191011,0.4866870658975495,
