,Model,Student-T-test,KL divergence,PropensityScore,PredictRealOrSyn,Log Cluster Metric,Feature Correlations Difference,Cross-validation,F-1 score,Geometric Mean,Feature-consistency,EuclideanDistance_Mean,EuclideanDistance_Std,HausdorffDistance,CosineSimilarity
0,NextConvGeN,0.7335950354991213,7.812830341998641e-05,0.040023349075238766,0.43308688800120854,-8.3754687418881,0.02337852402556863,0.05547468354430374,0.016575866892439076,0.013395487297255766,0.03530434796631251,4.2518,1.9805,3.1859,0.013
1,CTGAN,0.04867542484149555,0.03224524566953679,0.229803437650234,0.7684805896405622,-4.716257066987064,0.14474498125271137,0.47990506329113913,0.11144413469126636,0.15001565168537057,0.07928357366253332,4.3541,1.744,5.551,0.0074
2,convexCTGAN,0.130591633880215,0.024700056172477558,0.2655116572903939,0.7812747045215637,-5.723833110266959,0.10244522458913886,0.5255379746835442,0.254634332297226,0.2676628366251862,0.0676471501655884,4.3229,1.8201,7.4101,0.0071
3,CTABGAN,7.042198963929613e-09,0.08020484236650571,0.35242339753287116,0.8621333325004252,-1.8684830427730243,0.09930454956539123,0.540379746835443,0.22717964717227296,0.2393440813932584,0.0637791261376623,4.466,1.4334,3.9134,0.0027
4,convexCTABGAN,0.013137891616278199,0.05818295726832226,0.35371709946739344,0.8737360108733923,-2.137941914442037,0.09635085857623878,0.5757278481012658,0.22717964717227296,0.2393440813932584,0.05750987448626319,4.4614,1.4477,3.9044,0.0024
5,TabDDPM,0.32628314117953,0.0009884837544235376,0.042366006324704907,0.5130102781732824,-5.562479825365306,0.03439517904544691,0.020221518987341813,0.007194348327566311,0.001294758385927533,0.028776250074161756,4.2375,2.011,5.4868,0.0139
