,Model,Accuracy,F1_score,RMSE
0,NextConvGeN,0.5533333333333333,0.548585323567545,1.0589111560127291
1,CTGAN,0.4766666666666667,0.4748477863563413,1.4010176699803527
2,convexCTGAN,0.535,0.5302536830982911,1.532346771554738
3,CTABGAN,0.545,0.492818118699222,1.263560120550564
4,convexCTABGAN,0.525,0.4712193170146389,1.2262199563326417
5,TabDDPM,0.6016666666666667,0.5973160396746643,0.9535116299930205
