,Model,Accuracy,F1_score,RMSE
0,NextConvGeN,0.7066666666666667,0.6860672843114498,1.4543557285674011
1,CTGAN,0.5366666666666666,0.5063338984542748,1.6199527545828705
2,convexCTGAN,0.54,0.5174020083415369,1.5076465547474458
3,CTABGAN,0.44,0.45141588613927564,1.538110695516493
4,convexCTABGAN,0.42333333333333334,0.42787318168028393,1.365154670292444
5,TabDDPM,0.7299999999999999,0.7110480791433552,1.5552928886695123
