,Model,Accuracy,F1_score,RMSE
0,NextConvGeN,0.6533333333333334,0.6475228118105818,0.9444207328685732
1,CTGAN,0.5633333333333334,0.5178277722481142,1.368333391562208
2,convexCTGAN,0.5433333333333333,0.5370490987983759,1.8289151475308683
3,CTABGAN,0.47333333333333333,0.48708618806374226,1.2670674480591095
4,convexCTABGAN,0.4266666666666667,0.43895334691620946,1.1491576392985592
5,TabDDPM,0.7299999999999999,0.7162920994577315,0.9872895799003015
