,Model,Student-T-test,KL divergence,PropensityScore,PredictRealOrSyn,Log Cluster Metric,Feature Correlations Difference,Cross-validation,F-1 score,Geometric Mean,Feature-consistency,EuclideanDistance_Mean,EuclideanDistance_Std,HausdorffDistance,CosineSimilarity
0,NextConvGeN,0.6016452457354856,0.040421509552992056,0.09514039649200728,0.5692335444213368,-17.678074865078163,0.022987418129029765,0.027654423965289388,0.13225180396514824,0.1313883031739369,0.0048615772767653205,8.3354,1.8765,9.5632,0.0014
1,CTGAN,0.03079203333295291,0.033024000100145376,0.24177015132832155,0.7387203318171575,-7.951743284123319,0.043596719682378424,0.35896752411031474,0.0543122454043114,0.0360748498610044,0.014832697678613425,8.4514,1.6044,9.2112,0.001
2,convexCTGAN,1.4288305305479956e-05,0.0600326556796595,0.18970335693218748,0.6933100890410157,-9.580043722330926,0.028285428802509505,0.17031552187670762,0.020058434830027033,0.03270562311427383,0.012350574101335363,8.3731,1.7002,7.6294,0.0013
3,CTABGAN,2.43762641366766e-07,0.06162021869036053,0.32293075716649194,0.84090221524052,-3.2947336455613243,0.04544818674527506,0.6447035941762977,0.018987798394766275,0.025450695808560103,0.014931913737467495,8.503,1.3034,7.8944,0.0003
4,convexCTABGAN,0.11321109017907653,0.036250834649720086,0.1282418335594356,0.6151342766275208,-7.05854334716096,0.04582028363878447,0.6339801901751152,0.01533815600002017,0.017787107330042462,0.015319768521458062,8.4152,1.4781,8.3437,0.0008
5,TabDDPM,0.22452015902313266,0.011072134524769343,0.09597151757244206,0.5704076051729114,-8.144467067539832,0.019834083081220578,0.016649330664418427,0.052595936249224845,0.05608811668276237,0.005219242429021918,8.3758,1.961,12.5876,0.0016
