,Model,Accuracy,F1_score,RMSE
0,NextConvGeN,0.465063202247191,0.46460449353384375,
1,CTGAN,0.47577247191011235,0.442678741216057,
2,convexCTGAN,0.43240870786516855,0.4317103499748762,
3,CTABGAN,0.35059691011235955,0.31809381242164336,
4,convexCTABGAN,0.3734199438202247,0.3774645570832202,
5,TabDDPM,0.46014747191011235,0.46015144168150285,
