,Model,Accuracy,F1_score,RMSE
0,NextConvGeN,0.465063202247191,0.46464674207145173,
1,CTGAN,0.47577247191011235,0.44267874121605705,
2,CTABGAN,0.35059691011235955,0.31809381242164336,
3,TabDDPM,0.46014747191011235,0.46015144168150285,
4,CART,0.5043890449438202,0.4659721303737352,
5,DataSynth,0.2866924157303371,0.3061336765354975,
6,GReaT,0.4996488764044944,0.45045001316850675,
