,Model,Student-T-test,KL divergence,PropensityScore,PredictRealOrSyn,Log Cluster Metric,Feature Correlations Difference,Cross-validation,F-1 score,Geometric Mean,Feature-consistency,EuclideanDistance_Mean,EuclideanDistance_Std,HausdorffDistance,CosineSimilarity
0,NextConvGeN,0.5600218997743733,0.0,0.02920545946509696,0.4873038144477624,-7.81308910993783,0.026333581419059622,0.009311180339217628,0.03716125502147111,0.03800185629225998,0.039110184443271453,4.0277,1.3332,2.5401,0.0045
1,CTGAN,0.02785217832858889,0.04169622097388557,0.16072231214361732,0.6833212765273746,-5.802841134385654,0.3660181013423149,0.8343371408791969,0.02207282841341561,0.029357033745511255,0.10090937456708923,4.0826,1.1543,4.2069,0.0027
2,convexCTGAN,0.4966931135393313,0.0,0.10805108626314386,0.6278840394651255,-5.801951368844813,0.21148433822252796,0.5810661128418138,0.029359461428004878,0.02605420354613701,0.09474627185662944,4.0588,1.2353,4.6561,0.0024
3,CTABGAN,4.8609379431882256e-06,0.0,0.290767485391119,0.8028614786579418,-2.880614948397259,0.3562146750591465,0.8398926964347524,0.06141466983317911,0.07480886160447042,0.10457839792822585,4.1138,1.0375,3.2179,-0.0001
4,convexCTABGAN,0.018454202820636617,0.0,0.2208382704260293,0.7407583248391768,-3.3944739871326552,0.372156933007314,0.8380408445829006,0.06304507406098593,0.0768939862068587,0.10806831927718356,4.1092,1.0555,3.2095,0.0007
5,TabDDPM,3.382643541511039e-09,0.0,0.22628174724092712,0.7443881117620565,-2.0859998100504678,0.3585526006320182,0.2607476635514019,0.013785844677532945,0.01814982700003291,0.07549292652415396,4.0813,1.1588,3.3973,0.0043
