,Model,Accuracy,F1_score,RMSE
0,NextConvGeN,0.8157972295903331,0.8156430337236429,
1,CTGAN,0.551945181255526,0.5685138609144327,
2,convexCTGAN,0.6414677276746242,0.6448092284700443,
3,CTABGAN,0.3577954612437372,0.4161973622075036,
4,convexCTABGAN,0.4534335396404362,0.5005618973051957,
5,TabDDPM,0.831859711170056,0.8312649244749749,
