,Model,Accuracy,F1_score,RMSE
0,NextConvGeN,0.8157235484821693,0.815651319640357,
1,CTGAN,0.551945181255526,0.5685138609144327,
2,CTABGAN,0.3577954612437372,0.4161973622075037,
3,TabDDPM,0.831859711170056,0.8312649244749749,
4,CART,0.7451370468611848,0.7444635032153589,
5,DataSynth,0.3896256999705275,0.40400864764306404,
6,GReaT,0.6080165045682286,0.6052854825241546,
