,Model,Accuracy,F1_score,RMSE
0,NextConvGeN,0.7366748166259167,0.7364640450642397,1.282685708823477
1,CTGAN,0.6517522412387938,0.6681552326259235,1.484357761455349
2,convexCTGAN,0.695680521597392,0.7034248336053001,1.339045707160998
3,CTABGAN,0.5234718826405867,0.573245203652322,1.443148415503424
4,convexCTABGAN,0.6466177669111655,0.6529276471574802,1.4795577254072358
5,TabDDPM,0.7688671556642218,0.7687201567588124,1.3149563174514463
