,Model,Accuracy,F1_score,RMSE
0,NextConvGeN,0.7366748166259167,0.7364640450642396,1.282685708823477
1,CTGAN,0.6517522412387938,0.6681552326259232,1.484357761455349
2,CTABGAN,0.5234718826405867,0.573245203652322,1.443148415503424
3,TabDDPM,0.7692746536267319,0.7691437186330973,1.3149563174514463
4,CART,0.7133659331703341,0.7184310018437305,1.3688169149111709
5,DataSynth,0.46373268133659334,0.5197361306248078,1.590753890371789
6,GReaT,0.7308068459657702,0.724286972368689,1.3319007461745174
