,Model,Accuracy,F1_score,RMSE
0,NextConvGeN,0.6151718688265506,0.6072651187321787,1.2653820700514382
1,CTGAN,0.5433975842411243,0.5491972520345392,1.4432862690327708
2,convexCTGAN,0.5882626855562455,0.581775820167941,1.265691940382394
3,CTABGAN,0.4219182141446068,0.4607426885494406,1.5368556632844297
4,convexCTABGAN,0.5384941017102218,0.5333566325861424,1.3739015722089039
5,TabDDPM,0.6295648247445956,0.6270544225664149,1.2110144935025586
