,Model,Student-T-test,KL divergence,PropensityScore,PredictRealOrSyn,Log Cluster Metric,Feature Correlations Difference,Cross-validation,F-1 score,Geometric Mean,Feature-consistency,EuclideanDistance_Mean,EuclideanDistance_Std,HausdorffDistance,CosineSimilarity
0,NextConvGeN,0.9669949209737744,0.013556518023523683,0.09875666044779288,0.4724186924186924,-9.608485790035074,0.035323413680209054,0.014285714285714235,0.04978964039255429,0.08192526503569864,0.019768614981432186,4.4582,1.4577,2.5429,0.0104
1,CTGAN,0.0003108919212139363,0.017082835689538292,0.19559218737902526,0.691985661397426,-8.194792304589296,0.04512151914297067,0.40000000000000013,0.23722923484494302,0.28706796583828775,0.08563783910591696,4.5589,1.1029,4.3409,0.0039
2,convexCTGAN,0.39718417795888855,0.011281058880928061,0.10337133071281249,0.43017237664296487,-9.608485790035074,0.024596748087369582,0.4571428571428573,0.137718743411343,0.14322102148798455,0.07986719769025462,4.5357,1.1948,4.7027,0.0046
3,CTABGAN,0.03778545627421851,0.12842395308059018,0.2886635886340894,0.7707234432234433,-5.6357810962967525,0.05154391707624498,0.2857142857142859,0.107437275985663,0.10260440837301837,0.13184566860650207,4.5837,0.9949,3.5666,0.0006
4,convexCTABGAN,0.393061540576604,0.16989222453653033,0.2687827266656515,0.7740977160094806,-6.141521744240267,0.026216552205761242,0.3428571428571431,0.2683243727598566,0.24697565666771648,0.08677425465815732,4.5859,0.9848,3.7941,0.0006
5,TabDDPM,0.8784686428343975,0.01835000432756398,0.10159019536128301,0.44846153846153836,-21.416413017506358,0.015480107284509208,0.014285714285714235,0.1285198492605607,0.19838604830028905,0.024440456612079296,4.4578,1.4588,1.0865,0.0095
