,Model,Student-T-test,KL divergence,PropensityScore,PredictRealOrSyn,Log Cluster Metric,Feature Correlations Difference,Cross-validation,F-1 score,Geometric Mean,Feature-consistency,EuclideanDistance_Mean,EuclideanDistance_Std,HausdorffDistance,CosineSimilarity
0,NextConvGeN,0.9669949209737744,0.013556518023523683,0.0987548289170647,0.4724186924186924,-9.608485790035074,0.03532341388716963,0.014285714285714235,0.04978964039255429,0.08192526503569864,0.019768614981432186,4.4582,1.4577,2.5429,0.0104
1,CTGAN,0.0003108919212139363,0.017082835689538292,0.19549816300146822,0.691985661397426,-8.194792304589296,0.04512151914297067,0.40000000000000013,0.23722923484494302,0.28706796583828775,0.08563783910591696,4.5589,1.1029,4.3409,0.0039
2,convexCTGAN,0.07597000874334206,0.015655504040785417,0.13479041106888948,0.5787545787545787,-6.909848034043112,0.025131188665962055,0.3571428571428573,0.1648790463028505,0.1483963858168713,0.08954621442610691,4.5377,1.1872,3.9007,0.0054
3,CTABGAN,0.03778545627421851,0.12842395308059018,0.28867074290282235,0.7707234432234433,-5.6357810962967525,0.05154391587328665,0.2857142857142859,0.107437275985663,0.10260440837301837,0.13184566860650207,4.5837,0.9949,3.5666,0.0006
4,convexCTABGAN,0.07588320671657617,0.12993020553693035,0.2643323049271565,0.7768388637506285,-3.6913986541785246,0.03974389728592888,0.3857142857142859,0.27516032161193443,0.28065808848652973,0.12287912938294872,4.5871,0.9791,3.8155,0.0006
5,TabDDPM,0.8784686428343975,0.01835000432756398,0.10170261565162093,0.44846153846153836,-21.416413017506358,0.015480107284509208,0.014285714285714235,0.1285198492605607,0.19838604830028905,0.024440456612079296,4.4578,1.4588,1.0865,0.0095
