,Model,Student-T-test,KL divergence,PropensityScore,PredictRealOrSyn,Log Cluster Metric,Feature Correlations Difference,Cross-validation,F-1 score,Geometric Mean,Feature-consistency,EuclideanDistance_Mean,EuclideanDistance_Std,HausdorffDistance,CosineSimilarity
0,NextConvGeN,0.6982188019688949,8.354563878231564e-06,0.030250250206202443,0.4914445351083477,-7.646941590339626,0.026412155351143787,0.027816455696202502,0.0010662510236118389,0.0012299998202180695,0.04205029847680871,4.2755,1.9287,3.7892,0.0124
1,CTGAN,0.24086788102644136,0.05547029237672256,0.17885182094080285,0.7136159531668189,-5.6952920726129435,0.13132383469813166,0.5580696202531645,0.05915174997598385,0.05676190427794096,0.0699149712863823,4.3524,1.7482,6.0781,0.0083
2,convexCTGAN,0.2754836804585729,0.016561573378117957,0.15531799137915378,0.659011150600974,-5.740169449637452,0.16358369713278498,0.4368037974683544,0.03127960419514754,0.024395633942673828,0.07962465699078278,4.3461,1.764,6.8232,0.0084
3,CTABGAN,0.08411042676446644,0.05204092144811395,0.34355171250995503,0.8704857075513942,-2.2816912251440087,0.09993023944262024,0.5553481012658228,0.07266643184219795,0.06592827263627726,0.07223251949924642,4.474,1.4083,3.6465,0.0024
4,convexCTABGAN,0.0001147931429086075,0.05781850697280616,0.33885704863137095,0.8660278147560729,-2.171259520118069,0.10029052261791577,0.5076898734177215,0.1730543452762526,0.1923653846237155,0.06398622062323198,4.4668,1.431,4.0633,0.0017
5,TabDDPM,0.5240504989874403,0.000805610870475218,0.03799947280648408,0.5069441678079185,-7.319711983516987,0.032812028404997653,0.0075949367088608,0.030134479878675194,0.028385569020532263,0.03142333400620945,4.2418,2.0018,5.4501,0.0145
