,Model,Accuracy,F1_score,RMSE
0,NextConvGeN,0.7365933170334149,0.7348772431258807,1.3320324642288528
1,CTGAN,0.658761206193969,0.6678575359933497,1.5265651497337758
2,CTABGAN,0.4876935615321923,0.542166433681734,1.4585154222257055
3,TabDDPM,0.7616951915240424,0.7629865297562397,1.231286593457411
4,CART,0.7112469437652813,0.7168976835044617,1.3640253532399003
5,DataSynth,0.48158109209453953,0.5374382575674114,1.5811347982617656
6,GReaT,0.7309698451507742,0.7236821192995534,1.345214433505094
