,Model,Accuracy,F1_score,RMSE
0,NextConvGeN,0.7365933170334149,0.7348772431258807,1.3320324642288528
1,CTGAN,0.658761206193969,0.6678575359933498,1.5265651497337758
2,convexCTGAN,0.7182559087204565,0.7152555132006109,1.3568603189137238
3,CTABGAN,0.4876935615321923,0.5421664336817341,1.4585154222257055
4,convexCTABGAN,0.6482477587612061,0.6570167861041117,1.5203525580902653
5,TabDDPM,0.7618581907090465,0.7632016158210483,1.231286593457411
