,Model,Accuracy,F1_score,RMSE
0,NextConvGeN,0.6283891547049442,0.6335703102276157,0.9978585190742116
1,CTGAN,0.5358851674641149,0.5548401911081989,1.461075967854705
2,convexCTGAN,0.5637958532695374,0.580404891223966,1.5724950082804072
3,CTABGAN,0.3755980861244019,0.41292238243496154,1.4204472068452814
4,convexCTABGAN,0.45055821371610844,0.4741151302185756,1.5195000656997715
5,TabDDPM,0.5909090909090909,0.5705082890035739,1.5379280834275484
