,Model,Accuracy,F1_score,RMSE
0,NextConvGeN,0.6043956043956045,0.6059456126899831,
1,CTGAN,0.5024975024975025,0.494174961235245,
2,CTABGAN,0.5389610389610389,0.520171147988167,
3,TabDDPM,0.6123876123876124,0.6116459440213818,
4,CART,0.5314685314685316,0.5304383481828248,
5,DataSynth,0.5144855144855145,0.5079830103569264,
6,GReaT,0.5089910089910089,0.5071100601414452,
