,Model,Accuracy,F1_score,RMSE
0,NextConvGeN,0.6043956043956045,0.6059456126899833,
1,CTGAN,0.5024975024975025,0.494174961235245,
2,convexCTGAN,0.521978021978022,0.5067528162715953,
3,CTABGAN,0.5389610389610389,0.520171147988167,
4,convexCTABGAN,0.50999000999001,0.4923972246168039,
5,TabDDPM,0.6123876123876124,0.6116459440213818,
