,Model,Student-T-test,KL divergence,PropensityScore,PredictRealOrSyn,Log Cluster Metric,Feature Correlations Difference,Cross-validation,F-1 score,Geometric Mean,Feature-consistency,EuclideanDistance_Mean,EuclideanDistance_Std,HausdorffDistance,CosineSimilarity
0,NextConvGeN,0.8241947366562554,8.107032866874666e-05,0.0014879588529055677,0.4189189900271881,-10.114143504065524,0.019527243891919642,0.10598101265822779,0.0,0.0,0.023742544639199302,4.2102,2.0674,5.1006,0.0141
1,CTGAN,0.004615473136075263,0.024374406961807316,0.11011786583789752,0.7996815697534184,-2.6961289933991406,0.09378487896592412,0.0025632911392404756,0.47533876941501735,0.45791432121567177,0.08447559541212207,4.287,1.9032,7.8064,0.0095
2,convexCTGAN,0.08675585994243208,0.06249561385434102,0.09236585631976987,0.7854275648283325,-4.734929491381544,0.07920076070415742,0.025411392405063293,0.47533876941501735,0.45791432121567177,0.03377883017809867,4.2963,1.882,9.7488,0.0081
3,CTABGAN,0.068115648584525,0.08230623204629006,0.12796946658310657,0.8652912740586945,-2.1966414546774535,,0.007563291139240591,0.026007391655337053,0.017824031611130886,0.026120959170169954,4.3374,1.4789,3.6016,0.0018
4,convexCTABGAN,2.7194295133238768e-05,0.05535234155098953,0.094313231624067,0.8068844287838681,-2.525156138079603,,0.00240506329113932,0.07995792125511281,0.023791424000916384,0.08591720282740914,4.3294,1.5022,3.6918,0.0031
5,TVAE,0.23521746676504338,0.3503734591202561,0.07847714873849834,0.7077277459524122,-2.325042005879159,0.14013277259919732,0.05556962025316459,0.0,0.0,0.07294280061851646,4.2642,1.9536,12.5003,0.0056
6,TabDDPM,0.47051076509809786,0.0001448775613407628,0.0023274322143108568,0.4944885243202794,-9.745992408404366,0.042087212840906406,0.14167721518987342,0.0,0.0,0.09634940769855518,4.1676,2.152,7.7255,0.0155
