,Model,Student-T-test,KL divergence,PropensityScore,PredictRealOrSyn,Log Cluster Metric,Feature Correlations Difference,Cross-validation,F-1 score,Geometric Mean,Feature-consistency,EuclideanDistance_Mean,EuclideanDistance_Std,HausdorffDistance,CosineSimilarity
0,NextConvGeN,0.8241947366562554,8.107032866874666e-05,0.03088421586339313,0.4198191430296099,-10.565507982228695,0.019527243891919642,0.10598101265822779,0.0,0.0,0.02310465148334533,4.2102,2.0674,5.1006,0.0141
1,CTGAN,0.004615473136075263,0.024374406961807316,0.29731922998182636,0.8049637179595409,-3.562838834105336,0.09378478955895696,0.0025632911392404756,0.47533876941501735,0.45791432121567177,0.014330337669262816,4.287,1.9032,7.8064,0.0095
2,CTABGAN,0.06811564858452501,0.08230623204629006,0.3283294475490967,0.8652912740586945,-2.175318643517729,,0.007563291139240591,0.026007391655337053,0.017824031611130886,0.01698704519748756,4.3374,1.4789,3.6016,0.0018
3,CART,0.40902731787113983,0.0005467826961984036,0.04653069450043485,0.5221759599117395,-9.762848601848372,0.020481925863395173,0.002468354430379738,0.0,0.0,0.018661215392463692,4.2402,2.0052,5.3944,0.0139
4,DataSynth,0.2192233708241025,0.007613418715397349,0.12903465010845344,0.5804662246626943,-5.911161998569932,0.07411858924038389,6.329113924052887e-05,0.47533876941501735,0.45791432121567177,0.01613581172614096,4.1548,2.1767,10.2289,0.0127
5,GReaT,0.0008310206241608786,0.07403920300196426,0.4997038108435,1.0,-1.4403210020918955,0.09954771346138555,0.007405063291139213,0.0,0.0,0.022559491762437565,4.4548,1.468,3.9478,0.0001
6,TabDDPM,0.47051076509809797,0.0001448775613407628,0.03631637997104074,0.4955997726225389,-10.104018256100662,0.042087212840906406,0.14167721518987342,0.0,0.0,0.010918292868522505,4.1676,2.152,7.7255,0.0155
