,Model,Accuracy,F1_score,RMSE
0,NextConvGeN,0.7083333333333334,0.7071940104166666,1.2869566593102792
1,CTGAN,0.6119791666666666,0.5956092859798979,1.436171225594816
2,convexCTGAN,0.6354166666666666,0.637349723911372,1.4900940365469402
3,CTABGAN,0.6015625,0.5693758234519104,1.4095070614639518
4,convexCTABGAN,0.5625,0.5710069444444444,1.4115264540824082
5,TabDDPM,0.5208333333333334,0.5328758818342152,1.0173144407397692
