,Model,Accuracy,F1_score,RMSE
0,NextConvGeN,0.7083333333333334,0.7071940104166666,1.2814656219687541
1,CTGAN,0.6119791666666666,0.5956092859798979,1.436171225594816
2,CTABGAN,0.6015625,0.5693758234519104,1.4095070614639518
3,TabDDPM,0.5208333333333334,0.5328758818342152,1.0173144407397692
4,CART,0.6223958333333334,0.6234278727302388,1.3973652519396833
5,DataSynth,0.359375,0.37451867638580016,1.652659211717873
6,GReaT,0.5364583333333334,0.5403884054737469,1.436086481454263
