,Model,Accuracy,F1_score,RMSE
0,NextConvGeN,0.4664676966292135,0.4624707180352498,
1,CTGAN,0.472436797752809,0.45105452806012425,
2,convexCTGAN,0.425561797752809,0.42699552670287216,
3,CTABGAN,0.2966994382022472,0.29966875746834204,
4,convexCTABGAN,0.3182935393258427,0.32671918637130015,
5,TabDDPM,0.4683988764044944,0.46813623965870343,
