,Model,Accuracy,F1_score,RMSE
0,NextConvGeN,0.46734550561797755,0.46263916317394294,
1,CTGAN,0.472436797752809,0.45105452806012425,
2,CTABGAN,0.2966994382022472,0.2996687574683421,
3,TabDDPM,0.4683988764044944,0.4681362396587034,
4,CART,0.5122893258426966,0.47440059506661886,
5,DataSynth,0.30986657303370785,0.3320077574426275,
6,GReaT,0.5117626404494382,0.4440198843526556,
