,Model,Student-T-test,KL divergence,PropensityScore,PredictRealOrSyn,Log Cluster Metric,Feature Correlations Difference,Cross-validation,F-1 score,Geometric Mean,Feature-consistency,EuclideanDistance_Mean,EuclideanDistance_Std,HausdorffDistance,CosineSimilarity
0,NextConvGeN,0.016385567524325764,0.0035621610729233326,0.056725394189031546,0.6519537082568686,-2.0654328725439273,0.25242303388291626,0.020514319111630597,0.12133304277635068,0.12344127573478253,0.012829740621978688,5.8756,1.8649,4.5647,0.0059
1,CTGAN,0.08139391883691215,0.007680193365393634,0.15639930166068014,0.6378039433865037,-6.583661664985646,0.12093190947336556,0.7291642314436003,0.18450561946597385,0.1820731623025923,0.05732283071729005,5.9824,1.487,6.1275,0.0036
2,convexCTGAN,0.19725685311580354,0.023361315725195127,0.11370672131183826,0.6833705569017385,-6.332739112667309,0.1168009457858909,0.7293395675043834,0.24811250292373596,0.2609245707634312,0.058529990725883746,5.9866,1.47,6.1981,0.0029
3,CTABGAN,0.04787171030456219,0.23884733036593325,0.30173736510301097,0.7989945036452923,-2.06419017780013,0.12434170744179618,0.6985973115137347,0.27219986323473666,0.28139882600571536,0.05325466986125279,6.0278,1.2906,5.0193,0.0005
4,convexCTABGAN,0.061618433531354405,0.2189062615581157,0.24455092637912845,0.7764123852623706,-1.8278929915752313,0.12181339565236594,0.7364114552893046,0.2819185527302,0.28968945442551025,0.056859149925764935,6.0253,1.3023,5.2396,0.0002
5,TabDDPM,0.09101734102869749,0.18212569875295476,0.4729399793358159,0.9736090225563909,-1.9010090596687852,0.5127334186333283,0.5408533021624782,0.23992012340782704,0.2529895189409026,0.03754429241428709,5.841,1.6978,10.7368,0.0015
