,Model,Accuracy,F1_score,RMSE
0,NextConvGeN,0.548841059602649,0.5421367984356629,0.7912544836883126
1,CTGAN,0.5107615894039734,0.4866491440290028,1.3235889499698978
2,CTABGAN,0.3882450331125828,0.3708440557986824,1.1386944250773654
3,TabDDPM,0.5885761589403973,0.5798611622448185,1.1971666029057915
4,CART,0.5413907284768212,0.5259689032640367,1.119775086110664
5,DataSynth,0.35927152317880795,0.3894977624519081,1.9463143468134134
6,GReaT,0.554635761589404,0.5086677488261231,1.154010066381506
