,Model,Accuracy,F1_score,RMSE
0,NextConvGeN,0.548841059602649,0.542136798435663,0.7912544836883126
1,CTGAN,0.5107615894039734,0.4866491440290029,1.3235889499698978
2,convexCTGAN,0.4933774834437086,0.4863498299527924,1.6800679879674811
3,CTABGAN,0.3882450331125828,0.3708440557986824,1.1386944250773654
4,convexCTABGAN,0.3187086092715232,0.2263822009209156,1.108245032268947
5,TabDDPM,0.5885761589403973,0.5798611622448185,1.1971666029057915
