,Model,Accuracy,F1_score,RMSE
0,NextConvGeN,0.8216180371352786,0.8212874730084122,
1,CTGAN,0.5757441791924551,0.5790163769951941,
2,CTABGAN,0.34725906277630414,0.40835403967839184,
3,TabDDPM,0.8427645151783085,0.8417170495297449,
4,CART,0.7355585027998821,0.7350979610254111,
5,DataSynth,0.3712054229295609,0.40294898743965046,
6,GReaT,0.6133952254641909,0.6096290268348857,
