,Model,Accuracy,F1_score,RMSE
0,NextConvGeN,0.8216917182434424,0.8214809080306762,
1,CTGAN,0.5757441791924551,0.5790163769951941,
2,convexCTGAN,0.6454465075154731,0.6456664802703725,
3,CTABGAN,0.34725906277630414,0.40835403967839173,
4,convexCTABGAN,0.4502652519893899,0.49435562584132864,
5,TabDDPM,0.8427645151783085,0.8417170495297449,
