,Model,Accuracy,F1_score,RMSE
0,NextConvGeN,0.82412319481285,0.8229366408003496,
1,CTGAN,0.5766283524904215,0.5917610063082521,
2,convexCTGAN,0.6500147362216329,0.6601460920335309,
3,CTABGAN,0.3490274093722369,0.40457164114393246,
4,convexCTABGAN,0.4407603890362512,0.49630874426518656,
5,TabDDPM,0.8435013262599469,0.8428531151544711,
