,Model,Accuracy,F1_score,RMSE
0,NextConvGeN,0.48349719101123595,0.4856124317817888,
1,CTGAN,0.4573384831460674,0.4368158865787553,
2,convexCTGAN,0.4324087078651685,0.4383681136502132,
3,CTABGAN,0.38957162921348315,0.37219842009791626,
4,convexCTABGAN,0.4041432584269663,0.40325083232005776,
5,TabDDPM,0.49525983146067415,0.4882988689308509,
