,Model,Accuracy,F1_score,RMSE
0,NextConvGeN,0.8076923076923076,0.8077972463198259,
1,CTGAN,0.5778072502210432,0.5839726078996453,
2,convexCTGAN,0.6429413498379015,0.6498452803474586,
3,CTABGAN,0.3690686707928087,0.4286535544654732,
4,convexCTABGAN,0.4356027114647804,0.4911717068446428,
5,TabDDPM,0.8304597701149427,0.8301397203855642,
