,Model,Student-T-test,KL divergence,PropensityScore,PredictRealOrSyn,Log Cluster Metric,Feature Correlations Difference,Cross-validation,F-1 score,Geometric Mean,Feature-consistency,EuclideanDistance_Mean,EuclideanDistance_Std,HausdorffDistance,CosineSimilarity
0,NextConvGeN,0.24508157165888297,0.00046088455392165616,0.001960362154645286,0.4892319533323417,-10.325158230950432,0.036408079681345684,0.01106259097525486,0.0,0.0,0.004835823475398659,4.4329,1.5326,2.8425,0.0081
1,CTGAN,0.0001662659346663961,0.020977514981308606,0.01474000817948197,0.6180567604500656,-9.195679035300707,0.046696475221902574,0.0005822416302765365,0.0,0.0,0.003599656449972988,4.4527,1.4741,4.3508,0.0074
2,convexCTGAN,0.01260913932137381,0.013366135210549262,0.010908659806065814,0.6145285433899199,-8.731271958677423,0.0462182942373767,0.0005822416302764255,0.0,0.0,0.003672085692288074,4.4689,1.4243,3.2522,0.0068
3,CTABGAN,2.633285933366841e-14,0.15161857683680507,0.11232533458536677,0.8235387107708687,-2.616761361353259,0.09220174711475303,0.0008733624454149158,0.0,0.0,0.020585115293934485,4.5318,1.2094,4.443,0.0021
4,convexCTABGAN,0.23148313197384404,0.003343058181981193,0.00853727252136024,0.6134874156089001,-7.444021287749045,0.08927762562479907,0.0002911208151383793,0.0,0.0,0.0142035181092249,4.4903,1.3553,4.4807,0.0056
5,TabDDPM,0.5975533478863624,0.0004069089080246359,0.00039367032837723447,0.4714651999374249,-21.416413017506358,0.008006347244643216,0.002328966521106368,0.0,0.0,0.00789218039291283,4.4375,1.5195,2.0795,0.0079
