,Model,Student-T-test,KL divergence,PropensityScore,PredictRealOrSyn,Log Cluster Metric,Feature Correlations Difference,Cross-validation,F-1 score,Geometric Mean,Feature-consistency,EuclideanDistance_Mean,EuclideanDistance_Std,HausdorffDistance,CosineSimilarity
0,NextConvGeN,0.24508157165888292,0.00046088455392165616,0.03719486998949357,0.48936968619643323,-7.481141347753199,0.036408074077234225,0.01106259097525486,0.0,0.0,0.0020946019392270253,4.4329,1.5326,2.8425,0.0081
1,CTGAN,0.0001662659346663961,0.020977514981308606,0.09871249567810637,0.617271350937642,-7.773256906190262,0.046696465626408654,0.0005822416302765365,0.0,0.0,0.0038061006034517007,4.4527,1.4741,4.3508,0.0074
2,CTABGAN,2.633285933366841e-14,0.15161857683680507,0.307762575668503,0.823259364169305,-2.618079054123254,0.09220175102343643,0.0008733624454149158,0.0,0.0,0.000782270869711188,4.5318,1.2094,4.443,0.0021
3,CART,0.3755406684927158,0.000534970005287723,0.02050507106120093,0.5157350674432101,-8.526968574640383,0.01820158801693387,0.0014556040756913413,0.055805762725257946,0.054603451795725455,0.001505707449902738,4.449,1.4854,3.5522,0.0073
4,DataSynth,0.0015889196550816118,0.013530416878711031,0.12836868731608472,0.5919388875108045,-4.716200365903569,0.05493870799130942,2.220446049250313e-16,0.0322414660438376,0.03249915588642949,0.0016371706839017563,4.4062,1.608,6.4422,0.0071
5,GReaT,5.525991981345219e-31,0.1810653561913024,0.4230394506633868,0.927182910687482,-1.845572094717673,0.09364973454463674,0.00029112081513815724,0.009223481922133847,0.009505676129112128,0.0009876894550193028,4.5372,1.189,4.1258,0.0013
6,TabDDPM,0.5975533478863622,0.0004069089080246359,0.015936238092556485,0.4701011578617633,-9.272784145529934,0.008006336489283691,0.002328966521106368,0.0,0.0,0.0030261814871297863,4.4375,1.5195,2.0795,0.0079
