,Model,Student-T-test,KL divergence,PropensityScore,PredictRealOrSyn,Log Cluster Metric,Feature Correlations Difference,Cross-validation,F-1 score,Geometric Mean,Feature-consistency,EuclideanDistance_Mean,EuclideanDistance_Std,HausdorffDistance,CosineSimilarity
0,NextConvGeN,0.9224608668460592,0.0066268012578050645,0.06389302323506235,0.3215184815184815,-21.416413017506358,0.036663188140611105,0.014285714285714235,0.0,0.0,0.033593361271909206,4.4822,1.3821,2.943,0.0052
1,CTGAN,0.07762630665570629,0.014700761899007531,0.12835228824184405,0.5611425339366516,-8.408369818536531,0.03243958887965197,0.3857142857142858,0.47603756142655573,0.45363017030623287,0.11414685352053597,4.5502,1.1384,4.5321,0.0034
2,convexCTGAN,0.04798520023848994,0.01277300809426904,0.12981074293188374,0.5295737595737595,-8.408369818536531,0.025147259251874974,0.41428571428571437,0.3038047973531845,0.35010875569099587,0.1132841493863738,4.5546,1.1206,5.0877,0.0038
3,CTABGAN,0.5822878078991971,0.1359859191877981,0.25801211711454103,0.7210198135198136,-21.416413017506358,0.031217928514745773,0.34285714285714286,0.5821365014913402,0.5582200234855229,0.11306922962773329,4.5887,0.9715,3.8927,0.0005
4,convexCTABGAN,0.29170022338643126,0.16647810338637953,0.27736926818135665,0.8119435466494289,-3.0648935896662253,0.03243823112417005,0.47142857142857153,0.06461407862086979,0.1568712804922968,0.12631048983828352,4.5951,0.9409,3.8149,-0.0003
5,TabDDPM,0.8413950377229475,0.0030990121131201968,0.07031950114899159,0.2992035415564827,-21.416413017506358,0.03894707685091618,0.0,0.0,0.0,0.038441796982985166,4.4803,1.3881,1.1705,0.0064
