,Model,Accuracy,F1_score,RMSE
0,NextConvGeN,0.7965425531914894,0.7905488124011923,
1,CTGAN,0.7627659574468085,0.7419202711047943,
2,convexCTGAN,0.7106382978723403,0.7195922643759042,
3,CTABGAN,0.46808510638297873,0.4830148662532577,
4,convexCTABGAN,0.4781914893617021,0.5100864600077498,
5,TabDDPM,0.8146276595744683,0.8075987008479137,
