,Model,Accuracy,F1_score,RMSE
0,NextConvGeN,0.6355661881977671,0.6316075214687621,1.076735527727167
1,CTGAN,0.5398724082934608,0.5510670056620742,1.5497723045869307
2,convexCTGAN,0.5502392344497608,0.5558306212717641,1.4149484733236968
3,CTABGAN,0.33413078149920256,0.34335993297191747,1.431300235665552
4,convexCTABGAN,0.3915470494417863,0.41953890016284706,1.501482504375479
5,TabDDPM,0.5933014354066984,0.5965587211034836,1.4245063868866161
