,Model,Student-T-test,KL divergence,PropensityScore,PredictRealOrSyn,Log Cluster Metric,Feature Correlations Difference,Cross-validation,F-1 score,Geometric Mean,Feature-consistency,EuclideanDistance_Mean,EuclideanDistance_Std,HausdorffDistance,CosineSimilarity
0,NextConvGeN,0.045719698866929274,0.010870033452703737,0.005932253627439826,0.7149460043779935,-2.060314481897326,0.23705926159344273,0.04808362369337993,0.0,0.0,0.07986277090642366,4.947,1.2359,3.7137,0.0013
1,CTGAN,0.022971424397081826,0.006700835366505333,0.04215060541611862,0.6644549375122262,-9.396244835555802,0.048831746814032094,0.18164924506387914,0.4317253040126388,0.41136860528484076,0.12778714386603282,4.9594,1.185,4.7695,0.0015
2,convexCTGAN,0.20836210861222101,0.043960043884422505,0.028124760716473695,0.6950671656434839,-11.568856347304026,0.054004740676919204,0.1387921022067362,0.17821165817770235,0.19224933218874463,0.08709784030474808,4.9522,1.215,5.7377,0.0009
3,CTABGAN,0.027917217942601078,0.023365263938864688,0.058451004848427766,0.7604123636156672,-2.040131617530394,0.054166336129894424,0.1860627177700348,0.0,0.0,0.03942756693125692,4.9903,1.0474,3.7251,0.0005
4,convexCTABGAN,0.029328507896350924,0.0161405266600112,0.08619573008644374,0.8243153956959436,-6.080132112186863,0.04447946130982659,0.18188153310104527,0.2701526979918496,0.25861957345125847,0.09625687266099847,4.9835,1.0792,3.9826,0.0006
5,TVAE,0.2461925172195047,0.11621710662333361,0.019588089584384027,0.5532763666167695,-10.265639761517354,0.07283285451382528,0.014053426248548329,0.0,0.0,0.03294357161317221,4.9337,1.288,4.8376,0.003
6,TabDDPM,0.16887800812525205,0.013366447453508174,0.01567882667719285,0.6280229136160227,-2.1811945296107886,0.19475082593572843,0.09117305458768876,0.2701526979918496,0.25861957345125847,0.04346039503160847,4.9271,1.313,4.7772,0.0037
