Model,f1score_mean,f1score_std,RMSE_mean,RMSE_std
CART,0.7808322270822823,0.006513799345319003,,
CTABGAN,0.5748276661514466,0.05239635485480224,,
CTGAN,0.7514565260167372,0.0035995401063493113,,
DataSynth,0.6042854657418887,0.01587366584158843,,
GReaT,0.7641990508126144,0.003780735871982717,,
NextConvGeN,0.7908950121332372,0.007037352076837132,,
TabDDPM,0.7870836016798872,0.004373948498506211,,
