,Model,Student-T-test,KL divergence,PropensityScore,PredictRealOrSyn,Log Cluster Metric,Feature Correlations Difference,Cross-validation,F-1 score,Geometric Mean,Feature-consistency,EuclideanDistance_Mean,EuclideanDistance_Std,HausdorffDistance,CosineSimilarity
0,NextConvGeN,0.06806590874239846,0.011216649119124013,0.055389448121088855,0.6844591281305277,-2.0663787877173125,0.24077594633017935,0.08629500580720095,0.0,0.0,0.03884190559027279,4.937,1.2752,3.8693,0.0001
1,CTGAN,0.1307778981695066,0.004411930094714436,0.2057679088858676,0.7070984542987052,-12.066566284778583,0.05226728721026526,0.5314750290360047,0.20159840159840156,0.19399939561409357,0.06688814779422943,4.9485,1.2296,5.9455,0.0011
2,convexCTGAN,0.0005392174964201363,0.012023859036859026,0.19634909998003647,0.6927605221958902,-12.066566284778583,0.052497790390553245,0.4689895470383275,0.09454156954156961,0.10720083907334921,0.07286466332871379,4.9612,1.1776,4.6269,0.0012
3,CTABGAN,0.17397151987061346,0.042319032891119435,0.23569290502740403,0.7965920643349186,-2.3125598425865053,0.05808971460131985,0.5459930313588851,0.030147630147630167,0.02231267870397924,0.07441456023484978,4.998,1.0101,3.7682,0.0003
4,convexCTABGAN,3.2108277325813435e-05,0.035102264294372916,0.2632992726569101,0.8074558071542273,-2.011370991427169,0.04885373358871757,0.4738675958188153,0.05870318570318572,0.0667254297892188,0.07784574292496847,4.9938,1.0304,3.9394,0.0003
5,TabDDPM,0.08652716473595125,0.017273326499148114,0.1615424114305547,0.6821917436283892,-2.038428549778986,0.18854588948295567,0.16260162601626027,0.0,0.0,0.05046255400587945,4.9747,1.1191,3.6044,0.0017
