,Model,Student-T-test,KL divergence,PropensityScore,PredictRealOrSyn,Log Cluster Metric,Feature Correlations Difference,Cross-validation,F-1 score,Geometric Mean,Feature-consistency,EuclideanDistance_Mean,EuclideanDistance_Std,HausdorffDistance,CosineSimilarity
0,NextConvGeN,0.06806590874239846,0.011216649119124013,0.055389448121088695,0.6844591281305277,-2.0663787877173125,0.24077594328785895,0.08629500580720095,0.0,0.0,0.03884190559027279,4.937,1.2752,3.8693,0.0001
1,CTGAN,0.1307778981695066,0.004411930094714436,0.20576755712482211,0.7070984542987052,-12.066566284778583,0.05226728710161096,0.5314750290360047,0.20159840159840156,0.19399939561409357,0.06688814779422943,4.9485,1.2296,5.9455,0.0011
2,convexCTGAN,0.011686299175587929,0.012409292804793642,0.15022319648170368,0.754647612746718,-2.112698143924376,0.0506192205357002,0.5066202090592336,0.0,0.0,0.07405634738819022,4.9634,1.1683,5.181,0.0009
3,CTABGAN,0.17397151987061346,0.042319032891119435,0.23569290502618803,0.7965920643349186,-2.3125598425865053,0.05808972052297921,0.5459930313588851,0.030147630147630167,0.02231267870397924,0.07441456023484978,4.998,1.0101,3.7682,0.0003
4,convexCTABGAN,0.007932342034553239,0.03362793955935917,0.2611327882423694,0.8090563869087568,-1.8830239972682234,0.059274257926142805,0.5022067363530779,0.19697397965114496,0.18831200727393416,0.07374450239726058,4.9957,1.0211,3.7617,0.0002
5,TabDDPM,0.08652716473595125,0.017273326499148114,0.16154241143041745,0.6821917436283892,-2.038428549778986,0.18854589625056636,0.16260162601626027,0.0,0.0,0.05046255400587945,4.9747,1.1191,3.6044,0.0017
