,Model,Student-T-test,KL divergence,PropensityScore,PredictRealOrSyn,Log Cluster Metric,Feature Correlations Difference,Cross-validation,F-1 score,Geometric Mean,Feature-consistency,EuclideanDistance_Mean,EuclideanDistance_Std,HausdorffDistance,CosineSimilarity
0,NextConvGeN,0.5497845380010917,0.00360710685466138,0.05753609156836917,0.40406316248836405,-21.416413017506358,0.015509057790560004,0.05718432510885341,0.13052254231022997,0.11356325983274636,0.014010876420299396,5.508,3.1084,6.8791,0.0232
1,CTGAN,7.888053315615496e-27,0.011693670308246019,0.24727774070272288,0.6983023877291589,-5.00572300757279,0.02339754154085114,0.5241654571843251,0.12328148109147005,0.12973863471090424,0.04287301000073551,5.7906,2.5435,9.806,0.0106
2,convexCTGAN,0.9377637191759257,0.02688005104840919,0.1743938515617859,0.6737099823222912,-4.12093483552655,0.024042191994646887,0.49775036284470237,0.03696138489909767,0.05456232143973477,0.053561108472854654,5.8321,2.4467,9.3256,0.0107
3,CTABGAN,0.00425090236672799,0.36885543381896085,0.4535796510178276,0.96447999938566,-1.6098698684948882,0.02539190024072717,0.5243831640058054,0.03696138489909767,0.05456232143973477,0.052325036047803995,6.022,1.9328,4.8748,0.0002
4,convexCTABGAN,0.00012129936777249816,0.3696760076861664,0.45383838398465215,0.9738552432892057,-1.5943086534095534,0.025229351751669037,0.43388969521044984,0.03631309383572098,0.052407809663903515,0.05648160541500664,6.0211,1.9356,4.7947,0.0002
5,TabDDPM,0.8056879542558382,0.004638658948272525,0.07027281543897694,0.4892325303705262,-7.354399947786929,0.01502558512646613,0.04586357039187228,0.061458099670111926,0.04139866257425065,0.01771023254280973,5.4483,3.0523,6.89,0.0223
