,Model,Student-T-test,KL divergence,PropensityScore,PredictRealOrSyn,Log Cluster Metric,Feature Correlations Difference,Cross-validation,F-1 score,Geometric Mean,Feature-consistency,EuclideanDistance_Mean,EuclideanDistance_Std,HausdorffDistance,CosineSimilarity
0,NextConvGeN,0.5497845380010915,0.00360710685466138,0.05752843556571601,0.40304355464522673,-21.416413017506358,0.015509058109870601,0.05718432510885341,0.13052254231022997,0.11356325983274636,0.014010876420299396,5.508,3.1084,6.8791,0.0232
1,CTGAN,7.888053315615381e-27,0.011693670308246019,0.24759704996006424,0.6983023877291589,-5.00572300757279,0.023397541308574854,0.5241654571843251,0.12328148109147005,0.12973863471090424,0.04287301000073551,5.7906,2.5435,9.806,0.0106
2,convexCTGAN,3.941722609886367e-06,0.02171065975939242,0.14507661221999585,0.6261777016199948,-5.189685528982472,0.023385585561326833,0.4025399129172713,0.03970991267904972,0.06735901282553575,0.03900783983613979,5.8295,2.4531,9.9088,0.0134
3,CTABGAN,0.004250902366727983,0.36885543381896085,0.4535812230529586,0.96447999938566,-1.6098698684948882,0.025391900034852217,0.5243831640058054,0.03696138489909767,0.05456232143973477,0.052325036047803995,6.022,1.9328,4.8748,0.0002
4,convexCTABGAN,0.0015861496167054125,0.3759045328765869,0.4567497355124763,0.9702176090855336,-1.5856707213877612,0.025589683911579016,0.4638606676342525,0.15380077061720196,0.16203713606407205,0.04985116000550007,6.0215,1.9344,4.7202,0.0003
5,TabDDPM,0.805687954255838,0.004638658948272525,0.07015682877049598,0.493266996721169,-7.354399947786929,0.015025585498643848,0.04586357039187228,0.061458099670111926,0.04139866257425065,0.01771023254280973,5.4483,3.0523,6.89,0.0223
