,Model,Accuracy,F1_score,RMSE
0,NextConvGeN,0.828028293545535,0.8276376925228717,
1,CTGAN,0.5734600648393753,0.5778122067660367,
2,CTABGAN,0.33517536103743,0.3941642729537509,
3,TabDDPM,0.8426908340701443,0.8421737781213997,
4,CART,0.7511052166224581,0.7503033289826365,
5,DataSynth,0.3563218390804597,0.3601081056854231,
6,GReaT,0.6091954022988506,0.6082508829801454,
