,Model,Accuracy,F1_score,RMSE
0,NextConvGeN,0.8286914235190098,0.828311894000493,
1,CTGAN,0.5734600648393753,0.5778122067660367,
2,convexCTGAN,0.6313734158561745,0.6384031816034988,
3,CTABGAN,0.33517536103743,0.3941642729537509,
4,convexCTABGAN,0.4566755083996463,0.4957471735200122,
5,TabDDPM,0.8426908340701443,0.8421737781213997,
