,Model,Accuracy,F1_score,RMSE
0,NextConvGeN,0.6458333333333334,0.6453644814090019,1.252114170518155
1,CTGAN,0.4947916666666667,0.4947916666666667,1.516831975610993
2,convexCTGAN,0.5546875,0.5603445693696822,1.4466525282369669
3,CTABGAN,0.5963541666666666,0.5785649712561746,1.4485074415986936
4,convexCTABGAN,0.6145833333333334,0.6145833333333334,1.4703169783655583
5,TabDDPM,0.59375,0.5871470418747599,1.0002973606932901
