,Model,Accuracy,F1_score,RMSE
0,NextConvGeN,0.640625,0.640625,1.2551917455190031
1,CTGAN,0.4947916666666667,0.4947916666666667,1.516831975610993
2,CTABGAN,0.5963541666666666,0.5785649712561746,1.4485074415986936
3,TabDDPM,0.59375,0.5871470418747599,1.0002973606932901
4,CART,0.609375,0.6111958367677571,1.3546462718286574
5,DataSynth,0.4609375,0.4670533308082747,1.6049990119756032
6,GReaT,0.5572916666666666,0.561928524420298,1.4099790383215318
