,Model,Student-T-test,KL divergence,PropensityScore,PredictRealOrSyn,Log Cluster Metric,Feature Correlations Difference,Cross-validation,F-1 score,Geometric Mean,Feature-consistency,EuclideanDistance_Mean,EuclideanDistance_Std,HausdorffDistance,CosineSimilarity
0,NextConvGeN,0.7569242521248271,0.000573723441987195,0.002677360745360586,0.44044641041757115,-9.940545294669068,0.026795291878523957,0.10610759493670874,0.0,0.0,0.023112261201646656,4.2612,1.9602,4.3592,0.0126
1,CTGAN,0.0035967073926373955,0.036953510331255685,0.07816936558215298,0.7973794804931529,-3.6621138224143848,0.13481036527880233,1.1102230246251565e-16,0.43800904977375565,0.421345251322303,0.10961234086648255,4.3197,1.8277,7.3144,0.0089
2,convexCTGAN,0.11381200279993749,0.0020635764497705586,0.04937149955869301,0.7061545182683922,-8.207259374884524,0.08181303783968687,0.03515822784810119,0.0,0.0,0.04156814367268212,4.3361,1.7884,6.2708,0.0085
3,CTABGAN,0.0005831281595529273,0.055960652946267994,0.11762019669527732,0.8381801020500269,-1.995830283358256,,0.015221518987341587,0.43800904977375565,0.421345251322303,0.11374581907730556,4.3098,1.5575,6.3448,0.0031
4,convexCTABGAN,0.08648012501899233,0.07213655210398076,0.08412827594873074,0.7645586981139183,-4.277877718860836,0.10433333492034431,0.0227848101265824,0.05852239914198498,0.050384824296487496,0.0582987229052334,4.3903,1.6507,9.1372,0.0038
5,TVAE,0.02064091346405607,0.19378765926909763,0.08165602263771964,0.7221891516970307,-2.4236177961272576,0.05550201704200704,0.07566455696202523,0.0,0.0,0.04211422423602414,4.2074,2.0731,11.2903,0.0074
6,TabDDPM,0.3377136615093165,0.0009058889605086905,0.007986809548824062,0.5304181898707953,-6.743003904308682,0.03589279537309297,0.09351265822784804,0.0,0.0,0.04271197794725214,4.2083,2.0713,8.0505,0.0155
