,Model,Student-T-test,KL divergence,PropensityScore,PredictRealOrSyn,Log Cluster Metric,Feature Correlations Difference,Cross-validation,F-1 score,Geometric Mean,Feature-consistency,EuclideanDistance_Mean,EuclideanDistance_Std,HausdorffDistance,CosineSimilarity
0,NextConvGeN,0.5672374954198873,0.0,0.0015333800120413,0.47703754232948403,-21.416413017506358,0.028098509612683783,0.11180339217722401,0.018282775730683182,0.07565175824949438,0.02594626775699825,4.0094,1.3874,3.1268,0.0066
1,CTGAN,0.0330540898356708,0.043026836034904016,0.053510106607001416,0.690363088371809,-4.467760455178979,0.09321399165416089,0.13589477327795085,0.2239645755424294,0.1646189117606679,0.1417328877959068,4.0673,1.207,3.9491,0.0037
2,convexCTGAN,0.15733928030637512,0.0,0.028258500953554994,0.6290137390785013,-12.337601336916933,0.11694358625388415,0.042696434752509504,0.0,0.0,0.06079168840251861,4.0487,1.2681,5.5691,0.0054
3,CTABGAN,0.0018476307424495739,0.2036833285911563,0.14458890532281155,0.8566332582517809,-2.031660403175732,0.1067922165502398,0.12296642436829364,0.018282775730683182,0.07565175824949438,0.15649249508787583,4.1051,1.0717,3.0459,0.0001
4,convexCTABGAN,0.0006836900387315012,0.0,0.08450147910472125,0.7726482991980974,-11.483124729125494,0.11140947801901185,0.12490481135340947,0.3597458712571029,0.2875021249565007,0.19955067917179195,4.0992,1.0939,3.113,0.0017
5,TVAE,0.11370732966616275,0.0,0.07230166226535105,0.719110246142565,-6.252572702765487,0.11640555687474499,0.15456905503634477,0.018282775730683182,0.07565175824949438,0.026371520624463324,4.0217,1.3512,3.1074,0.0108
6,TabDDPM,0.015233116258365839,0.0,0.11070774255921512,0.8238998691875045,-1.9997251336002595,0.2022674618315165,0.0020768431983384517,0.0036069509162429403,0.026157956915826563,0.02433759178010557,4.0586,1.2361,4.2456,0.0058
