,Model,Accuracy,F1_score,RMSE
0,NextConvGeN,0.5783333333333334,0.5743966342491493,0.9927472706485326
1,CTGAN,0.5133333333333333,0.5094528311152797,1.386687029444361
2,convexCTGAN,0.48333333333333334,0.47772083806133936,1.4887362196792002
3,CTABGAN,0.5283333333333333,0.5198735318395167,1.1698367369529012
4,convexCTABGAN,0.5016666666666667,0.4671286748747234,1.2995963837284938
5,TabDDPM,0.5633333333333334,0.56141441100098,1.3297457178842766
