,Model,Student-T-test,KL divergence,PropensityScore,PredictRealOrSyn,Log Cluster Metric,Feature Correlations Difference,Cross-validation,F-1 score,Geometric Mean,Feature-consistency,EuclideanDistance_Mean,EuclideanDistance_Std,HausdorffDistance,CosineSimilarity
0,NextConvGeN,0.7992210080626155,0.0010534346989635474,0.0008074852017887892,0.411389981703237,-8.450767723246994,0.030496329071869686,0.16151898734177206,0.0,0.0,0.037416744558627466,4.2337,2.0188,4.6256,0.0137
1,CTGAN,0.10345492597357571,0.03728058199282083,0.10909383903108553,0.8260331642487093,-3.920685682611139,0.10167367905508685,0.04784810126582273,0.026267866162477893,0.03496155134446843,0.10376944544556714,4.345,1.7667,9.7468,0.0078
2,convexCTGAN,0.29189253378828145,0.010549460592529085,0.097718365152488,0.8078951094909907,-8.742039323962224,0.10563151937896006,0.13107594936708855,0.0,0.0,0.04899851093009332,4.3333,1.7951,5.6968,0.0082
3,CTABGAN,0.012260771660994624,0.05641460560136126,0.0940432582823698,0.8138971252943312,-2.41790012774987,0.10270833875442104,0.035253164556962036,0.02008443568815088,0.03906162464037888,0.08712377862146772,4.4591,1.4547,3.7061,0.0019
4,convexCTABGAN,0.13059901251016032,0.04220201901431919,0.09750939700869994,0.8265013264456996,-2.726203022793536,,0.02031645569620255,0.06746145643755663,0.07538512249071161,0.05383871651885504,4.3283,1.5054,3.9466,0.004
5,TVAE,0.019202149166493508,0.40303369218141954,0.10226344068889624,0.7760580235162243,-2.6071867321210136,0.14396823722068508,0.06806962025316454,0.0,0.0,0.0321406716338002,4.2039,2.0801,12.456,0.0089
6,TabDDPM,0.7174482901762277,0.00013484721792863218,0.001642469359318765,0.47541450801837826,-8.45288029392602,0.053749713076795595,0.19689873417721515,0.0,0.0,0.032200515901760464,4.1885,2.1111,8.0642,0.0158
