,Model,Accuracy,F1_score,RMSE
0,NextConvGeN,0.7938829787234043,0.7901642329281915,
1,CTGAN,0.7553191489361702,0.7340290127460992,
2,convexCTGAN,0.7327127659574468,0.7292760236017214,
3,CTABGAN,0.5545212765957447,0.5732440453194962,
4,convexCTABGAN,0.4835106382978724,0.5178224709406476,
5,TabDDPM,0.8023936170212768,0.801170099031356,
