,Model,Student-T-test,KL divergence,PropensityScore,PredictRealOrSyn,Log Cluster Metric,Feature Correlations Difference,Cross-validation,F-1 score,Geometric Mean,Feature-consistency,EuclideanDistance_Mean,EuclideanDistance_Std,HausdorffDistance,CosineSimilarity
0,NextConvGeN,0.40115138740038514,0.0008664536135980702,0.01579355272657744,0.4733965676477531,-10.22131087647619,0.0054812815977432665,0.01202512562814062,0.01945240647457,0.022720432225536102,0.021613325981752782,4.276,1.31,4.2684,0.0065
1,CTGAN,1.6927606070710313e-14,0.011380109005265683,0.1128473446638094,0.6034620201131198,-6.7423998248982455,0.02610015746323471,0.5095427135678392,0.11287856978445959,0.10560952634667822,0.06320528158845923,4.3331,1.1063,3.9331,0.0042
2,convexCTGAN,0.033562158071862615,0.036064375255501935,0.10553398704850502,0.6164184754350146,-6.196133241146704,0.025267301559274022,0.237748743718593,0.01945240647457,0.022720432225536102,0.05645574191624722,4.301,1.2251,3.8929,0.0048
3,CTABGAN,0.04659614060555792,0.238526343610038,0.3418471323996754,0.8535291952590205,-2.3879684112456228,0.026912898259689025,0.5015678391959799,0.11751938562468901,0.12375276395488612,0.06685391113882676,4.3662,0.9675,3.3649,0.0002
4,convexCTABGAN,6.718075921135319e-18,0.12927845409003147,0.30489118696891304,0.8272464971650775,-2.876627212553088,0.027081487151639924,0.5125728643216081,0.11287856978445959,0.10560952634667822,0.062045089623087,4.3611,0.9902,3.4135,0.0007
5,TabDDPM,0.6540617530347639,0.001703830465248672,0.01867718893015236,0.44821006878625214,-21.416413017506358,0.0045022781618576525,0.01001005025125623,0.01945240647457,0.022720432225536102,0.0214849893833338,4.2772,1.3061,1.9231,0.0057
