,Model,Student-T-test,KL divergence,PropensityScore,PredictRealOrSyn,Log Cluster Metric,Feature Correlations Difference,Cross-validation,F-1 score,Geometric Mean,Feature-consistency,EuclideanDistance_Mean,EuclideanDistance_Std,HausdorffDistance,CosineSimilarity
0,NextConvGeN,0.40115138740038514,0.0008664536135980702,0.01579351726997252,0.4733965676477531,-10.22131087647619,0.005481280252499548,0.01202512562814062,0.01945240647457,0.022720432225536102,0.021613325981752782,4.276,1.31,4.2684,0.0065
1,CTGAN,1.6927606070710193e-14,0.011380109005265683,0.11285525758753573,0.6031731259620423,-6.7423998248982455,0.02610015685528803,0.5095427135678392,0.11287856978445959,0.10560952634667822,0.06320528158845923,4.3331,1.1063,3.9331,0.0042
2,convexCTGAN,0.001578171181462797,0.024307186221298526,0.07076505601138909,0.5562805844950545,-7.962882494780673,0.029039631408775475,0.21863316582914571,0.01945240647457,0.022720432225536102,0.05248603237295985,4.2829,1.2873,4.5443,0.0064
3,CTABGAN,0.04659614060555792,0.238526343610038,0.34183041231021666,0.8543654321928184,-2.3879684112456228,0.026912896914445303,0.5015678391959799,0.11751938562468901,0.12375276395488612,0.06685391113882676,4.3662,0.9675,3.3649,0.0002
4,convexCTABGAN,1.0697944675840072e-09,0.1287773198249501,0.3024638191485889,0.8182580849708945,-2.8345552801759197,0.027285524243628363,0.5185929648241207,0.11287856978445959,0.10560952634667822,0.0645573981069555,4.3606,0.9926,3.6227,0.0009
5,TabDDPM,0.6540617530347639,0.001703830465248672,0.01867718893006,0.44758735816354156,-21.416413017506358,0.004502279507101371,0.01001005025125623,0.01945240647457,0.022720432225536102,0.0214849893833338,4.2772,1.3061,1.9231,0.0057
