,Model,Accuracy,F1_score,RMSE
0,NextConvGeN,0.6248751248751249,0.6212774086580961,
1,CTGAN,0.532967032967033,0.5253843752537918,
2,CTABGAN,0.5614385614385615,0.5494796350039217,
3,TabDDPM,0.6168831168831168,0.6147271805021786,
4,CART,0.5619380619380621,0.5635138703495091,
5,DataSynth,0.5124875124875125,0.5093136721515938,
6,GReaT,0.5284715284715283,0.5290382874523465,
