,Model,Accuracy,F1_score,RMSE
0,NextConvGeN,0.6248751248751249,0.621277408658096,
1,CTGAN,0.532967032967033,0.5253843752537918,
2,convexCTGAN,0.5094905094905096,0.5010619135317281,
3,CTABGAN,0.5614385614385615,0.5494796350039217,
4,convexCTABGAN,0.5254745254745254,0.5183507146474639,
5,TabDDPM,0.6168831168831168,0.6147271805021786,
