,Model,Accuracy,F1_score,RMSE
0,NextConvGeN,0.8178603006189213,0.8182721936292405,
1,CTGAN,0.5733127026230475,0.5870471530382808,
2,convexCTGAN,0.6713085764809903,0.6717325577392869,
3,CTABGAN,0.31903919834954314,0.37418672547383147,
4,convexCTABGAN,0.4487916298261126,0.49839161747992056,
5,TabDDPM,0.8409961685823754,0.8390903527612681,
