,Model,Accuracy,F1_score,RMSE
0,NextConvGeN,0.7962765957446809,0.7899439689337185,
1,CTGAN,0.7617021276595743,0.7476074921177893,
2,convexCTGAN,0.7595744680851063,0.7506370398564659,
3,CTABGAN,0.6037234042553191,0.6312985084344666,
4,convexCTABGAN,0.5497340425531915,0.5720273937708598,
5,TabDDPM,0.7909574468085108,0.7862861607756295,
