,Model,Accuracy,F1_score,RMSE
0,NextConvGeN,0.7965425531914894,0.7905852980753909,
1,CTGAN,0.7617021276595743,0.7476074921177893,
2,CTABGAN,0.6037234042553191,0.6312985084344667,
3,TabDDPM,0.7904255319148937,0.7865481554209705,
4,CART,0.8037234042553193,0.7822675681292747,
5,DataSynth,0.5694148936170212,0.6252502617933422,
6,GReaT,0.8021276595744681,0.7675132064345302,
