,Model,Accuracy,F1_score,RMSE
0,NextConvGeN,0.6770833333333334,0.6806789059738424,1.1914613129916716
1,CTGAN,0.5390625,0.5450931927127999,1.4451673026950829
2,convexCTGAN,0.5989583333333334,0.6039514816718056,1.4238088640604165
3,CTABGAN,0.5885416666666666,0.5531149947022308,1.3816983778527046
4,convexCTABGAN,0.578125,0.568712586022688,1.4638729883007415
5,TabDDPM,0.6328125,0.622089844215595,1.2808707838428883
