,Model,Accuracy,F1_score,RMSE
0,NextConvGeN,0.6770833333333334,0.6806789059738424,1.1926423533725647
1,CTGAN,0.5390625,0.5450931927127999,1.4451673026950829
2,CTABGAN,0.5885416666666666,0.5531149947022308,1.3816983778527046
3,TabDDPM,0.6328125,0.6220898442155951,1.2808707838428883
4,CART,0.6302083333333334,0.6332782356894371,1.347991727007162
5,DataSynth,0.4947916666666667,0.5017131391491022,1.7164303241164056
6,GReaT,0.515625,0.522834854653708,1.4129702796451742
