,Model,Student-T-test,KL divergence,PropensityScore,PredictRealOrSyn,Log Cluster Metric,Feature Correlations Difference,Cross-validation,F-1 score,Geometric Mean,Feature-consistency,EuclideanDistance_Mean,EuclideanDistance_Std,HausdorffDistance,CosineSimilarity
0,NextConvGeN,0.018638561694920976,0.014766783301958512,0.10578957237187094,0.5443094827877436,-2.067299489174541,0.28480953984223434,0.02369878183831664,0.6233900028542886,0.6229927832041555,0.03576682701904366,5.1625,1.1614,4.6105,0.001
1,CTGAN,0.04280943148619091,0.01051760553351898,0.3827488589838496,0.8969888235269625,-3.824672077208312,0.10231192074207086,0.568327796234773,0.1764647726387519,0.16970142778922193,0.08903178599684586,5.1933,1.0145,5.8089,0.0012
2,convexCTGAN,0.12829304628404956,0.036771595801565304,0.25767063079982455,0.7098297177583798,-4.747209864960989,0.09153040637756502,0.5739756367663345,0.2373843754172095,0.2416029384888066,0.08254672191416386,5.1998,0.981,4.5357,0.0011
3,CTABGAN,0.16575650356445598,0.2226791649543516,0.35831098311273224,0.8381002126370435,-2.126834592512025,0.10246174952999301,0.5782945736434109,0.15628893597912538,0.13919650568881092,0.13236161848747752,5.2168,0.886,4.1693,0.0
4,convexCTABGAN,0.0018277630199854734,0.19885811010642562,0.36702691475155563,0.8565041663201421,-1.938929142763096,0.09108170850118623,0.5496124031007752,0.16842480545353303,0.1386266642364246,0.08326472643912057,5.2139,0.9027,4.4752,0.0001
5,TabDDPM,0.7982958310485511,0.002454850327903835,0.06149912426976623,0.40383342057310223,-9.027342191953526,0.03517750096413211,0.03333333333333344,0.1235067964228587,0.13283257248981106,0.041434356008855984,5.1615,1.1659,2.9389,0.0016
