,Model,Accuracy,F1_score,RMSE
0,NextConvGeN,0.5529801324503312,0.5578983268252944,0.895577406943779
1,CTGAN,0.4718543046357616,0.45704715356283865,1.2833176428851694
2,convexCTGAN,0.48509933774834435,0.4779107865312215,1.6348875679934953
3,CTABGAN,0.45778145695364236,0.46205249259892506,1.1954542733347393
4,convexCTABGAN,0.402317880794702,0.3562959773364194,0.7880732442709677
5,TabDDPM,0.554635761589404,0.55145343903087,1.2394580766083345
