,Model,Accuracy,F1_score,RMSE
0,NextConvGeN,0.5529801324503312,0.5578983268252944,0.895577406943779
1,CTGAN,0.4718543046357616,0.45704715356283865,1.2833176428851694
2,CTABGAN,0.45778145695364236,0.46205249259892506,1.1954542733347393
3,TabDDPM,0.554635761589404,0.55145343903087,1.2394580766083345
4,CART,0.5504966887417219,0.5316079359190347,1.1617816596200516
5,DataSynth,0.3427152317880795,0.376384957411375,1.9793891729539024
6,GReaT,0.5140728476821192,0.4673874895434399,1.200327608606275
