,Model,Accuracy,F1_score,RMSE
0,NextConvGeN,0.6254416961130742,0.6285606344431777,1.2577472730173165
1,CTGAN,0.7314487632508834,0.6567518853989278,1.2381144091820933
2,convexCTGAN,0.5653710247349824,0.5745319958267489,1.488598835930484
3,CTABGAN,0.5865724381625441,0.6102082996009258,1.3662494110310974
4,convexCTABGAN,0.6925795053003534,0.6096940794804547,1.1818866062809201
5,TabDDPM,0.6607773851590106,0.634562906763567,1.4066965770046553
