,Model,Accuracy,F1_score,RMSE
0,NextConvGeN,0.6219081272084805,0.6242974096089504,1.2639525469890023
1,CTGAN,0.7314487632508834,0.6567518853989278,1.2381144091820933
2,CTABGAN,0.5865724381625441,0.6102082996009258,1.3662494110310974
3,TabDDPM,0.6607773851590106,0.6345629067635672,1.4066965770046553
4,CART,0.657243816254417,0.6371037474159593,1.1653459036364664
5,DataSynth,0.6289752650176679,0.6097174931311565,1.6151808622477395
6,GReaT,0.6996466431095406,0.6449415943532117,1.2712125870934279
