,Model,Accuracy,F1_score,RMSE
0,NextConvGeN,0.5533333333333332,0.5499222907483647,1.1790043854014405
1,CTGAN,0.5333333333333333,0.5308596236894576,1.4163680485154007
2,convexCTGAN,0.525,0.5133170748581708,1.4738835647445911
3,CTABGAN,0.5616666666666666,0.5420939571455513,1.1804403391276959
4,convexCTABGAN,0.5616666666666666,0.5400273990052393,1.170994098151746
5,TabDDPM,0.51,0.45659970179358744,1.6085713813576854
