,Model,Accuracy,F1_score,RMSE
0,NextConvGeN,0.7861702127659574,0.7822652607583148,
1,CTGAN,0.7686170212765957,0.7534581823166412,
2,convexCTGAN,0.7337765957446808,0.7377663704222801,
3,CTABGAN,0.5050531914893617,0.5105783803757097,
4,convexCTABGAN,0.4992021276595745,0.5496888170114397,
5,TabDDPM,0.8007978723404255,0.7946024827686711,
