,Model,Accuracy,F1_score,RMSE
0,NextConvGeN,0.7867021276595746,0.7823636390492362,
1,CTGAN,0.7686170212765957,0.7534581823166412,
2,CTABGAN,0.5050531914893617,0.5105783803757097,
3,TabDDPM,0.8007978723404255,0.7946024827686711,
4,CART,0.8013297872340426,0.7799323707583329,
5,DataSynth,0.5409574468085105,0.5938471708874261,
6,GReaT,0.8042553191489361,0.7661373729972404,
