,Model,Student-T-test,KL divergence,PropensityScore,PredictRealOrSyn,Log Cluster Metric,Feature Correlations Difference,Cross-validation,F-1 score,Geometric Mean,Feature-consistency,EuclideanDistance_Mean,EuclideanDistance_Std,HausdorffDistance,CosineSimilarity
0,NextConvGeN,0.6460411509743412,0.002068813433729492,0.02882978814447868,0.4713189775617918,-21.416413017506358,0.007062430422491682,0.03698630136986303,0.3149499071421116,0.3133506832257032,0.004671632757967101,5.5713,1.7206,4.1241,0.005
1,CTGAN,1.2940296734541953e-07,0.026842891003568743,0.18450282294705359,0.6978744908455518,-6.079614040139501,0.07079900882223188,0.486986301369863,0.369940876926682,0.38134564392731873,0.009141170718408718,5.6743,1.3425,6.1763,0.0023
2,convexCTGAN,0.17436037306330532,0.018306961288529454,0.10355863796150094,0.6222604443497157,-10.413044338993464,0.05239932037021549,0.15479452054794518,0.369940876926682,0.38134564392731873,0.009753191321115705,5.6314,1.5123,5.9751,0.0044
3,CTABGAN,1.6173033238631846e-40,0.3635093819103807,0.420400319164372,0.9360398803508279,-1.5303304790981749,,0.4931506849315068,0.22073692158454666,0.2311892791862685,0.013385564771165759,5.6241,1.1703,4.3918,0.0001
4,convexCTABGAN,5.24364554186969e-20,0.06790150204998088,0.3144374439147214,0.861683529026347,-1.8710957124166827,,0.5068493150684932,0.16099560041738892,0.18745007381433815,0.012338188226773916,5.6069,1.2503,5.4547,0.0018
5,TabDDPM,0.763805166526227,0.0020464418835690985,0.021780228652432312,0.4651314463082679,-9.292444603135754,0.010412542314559025,0.02602739726027392,0.3485970530635136,0.329673356109463,0.0039872671988211775,5.5635,1.7458,2.9975,0.0057
