,Model,Accuracy,F1_score,RMSE
0,NextConvGeN,0.6643109540636042,0.6525704170790114,1.3979885335676852
1,CTGAN,0.6749116607773852,0.6398103792664042,1.3150699007589448
2,convexCTGAN,0.6289752650176679,0.6159988820346969,1.5250013355864747
3,CTABGAN,0.6996466431095406,0.576008462934258,1.2084027187379114
4,convexCTABGAN,0.5335689045936396,0.5302814083187875,1.202427099131373
5,TabDDPM,0.7173144876325088,0.6820909753771944,1.322946958993921
