,Model,Accuracy,F1_score,RMSE
0,NextConvGeN,0.6643109540636042,0.6525704170790115,1.3979885335676852
1,CTGAN,0.6749116607773852,0.6398103792664042,1.3150699007589448
2,CTABGAN,0.6996466431095406,0.576008462934258,1.2084027187379114
3,TabDDPM,0.7173144876325088,0.6820909753771944,1.322946958993921
4,CART,0.6819787985865724,0.6395396096517854,1.2906108308415736
5,DataSynth,0.6183745583038869,0.6000532799863281,1.7398708173542128
6,GReaT,0.6819787985865724,0.6611252956769887,1.2586709546984811
