,Model,Accuracy,F1_score,RMSE
0,NextConvGeN,0.4859550561797753,0.4783400999878195,
1,CTGAN,0.47138342696629215,0.443330181531802,
2,CTABGAN,0.3365519662921348,0.3358740338056003,
3,TabDDPM,0.47507022471910115,0.4615354215354892,
4,CART,0.5010533707865168,0.4702480336170821,
5,DataSynth,0.28827247191011235,0.3118395455688432,
6,GReaT,0.4957865168539326,0.4379703367199945,
