,Model,Accuracy,F1_score,RMSE
0,NextConvGeN,0.4887640449438202,0.47992299605456623,
1,CTGAN,0.47138342696629215,0.44333018153180204,
2,convexCTGAN,0.41520365168539325,0.4207474699280952,
3,CTABGAN,0.3365519662921348,0.3358740338056003,
4,convexCTABGAN,0.363939606741573,0.36447840867041614,
5,TabDDPM,0.47507022471910115,0.46153542153548915,
