,Model,Student-T-test,KL divergence,PropensityScore,PredictRealOrSyn,Log Cluster Metric,Feature Correlations Difference,Cross-validation,F-1 score,Geometric Mean,Feature-consistency,EuclideanDistance_Mean,EuclideanDistance_Std,HausdorffDistance,CosineSimilarity
0,NextConvGeN,0.1275498321166107,0.005284285180848186,0.05666103171611726,0.6722482098318241,-2.0730454919348245,0.22306768577606137,0.05760743321718942,0.02521212121212124,0.03382395419204759,0.02388368827113041,4.9294,1.3042,4.0486,-0.0001
1,CTGAN,0.004527615946123296,0.0009045985397253996,0.2244723884732898,0.721228079895063,-21.416413017506358,0.048383748843950164,0.5218350754936121,0.0,0.0,0.07640920776896823,4.9603,1.1813,4.6449,0.0011
2,convexCTGAN,0.11214795731013338,0.023600145604207673,0.14231398699418624,0.7284058917407223,-6.938591339080841,0.06264077078229006,0.42102206736353076,0.0,0.0,0.06883265263499734,4.9654,1.1595,4.4993,0.0008
3,CTABGAN,0.08822268778481133,0.019691267153626717,0.13265554328524595,0.6700569003538253,-21.416413017506358,0.049828288598166286,0.4882694541231126,0.0,0.0,0.07890132693085712,4.9937,1.031,4.0147,0.0005
4,convexCTABGAN,0.10054115566141576,0.03913195266729702,0.22895635464622888,0.7821633408608198,-2.030526640089149,0.04117771121642067,0.5405342624854821,0.0,0.0,0.07180138220707916,4.9897,1.0501,4.2965,0.0003
5,TabDDPM,0.21528753344773494,0.03429780635016474,0.09865265074968642,0.5680631206667389,-6.497066477302673,0.08401956472598993,0.2630662020905923,0.0704685099846391,0.08586374667790786,0.059456304840024,4.934,1.2868,4.506,0.0013
