,Model,Student-T-test,KL divergence,PropensityScore,PredictRealOrSyn,Log Cluster Metric,Feature Correlations Difference,Cross-validation,F-1 score,Geometric Mean,Feature-consistency,EuclideanDistance_Mean,EuclideanDistance_Std,HausdorffDistance,CosineSimilarity
0,NextConvGeN,0.1275498321166107,0.005284285180848186,0.056661031716117416,0.6722482098318241,-2.0730454919348245,0.22306768577606137,0.05760743321718942,0.02521212121212124,0.03382395419204759,0.02388368827113041,4.9294,1.3042,4.0486,-0.0001
1,CTGAN,0.004527615946123294,0.0009045985397253996,0.2244690173473659,0.7182083354119039,-21.416413017506358,0.048383748843950164,0.5218350754936121,0.0,0.0,0.07640920776896823,4.9603,1.1813,4.6449,0.0011
2,convexCTGAN,0.017075391761900063,0.01653162505117658,0.17461172682792256,0.7595898885602252,-1.9522120614440897,0.05576822875880169,0.43519163763066193,0.0,0.0,0.07096500706291672,4.958,1.1909,5.2975,0.0009
3,CTABGAN,0.08822268778481133,0.019691267153626717,0.13265554328524037,0.6700569003538253,-21.416413017506358,0.049828288598166286,0.4882694541231126,0.0,0.0,0.07890132693085712,4.9937,1.031,4.0147,0.0005
4,convexCTABGAN,0.0066959808412071775,0.04014544425205689,0.22998482156734057,0.7772491894883193,-2.0193013490952754,0.05395021775597443,0.5648083623693381,0.0,0.0,0.08393250507187404,4.9936,1.0315,4.1635,0.0002
5,TabDDPM,0.21528753344773494,0.03429780635016474,0.09866613236684155,0.5680631206667389,-6.497066477302673,0.08401956472598993,0.2630662020905923,0.0704685099846391,0.08586374667790786,0.059456304840024,4.934,1.2868,4.506,0.0013
