,Model,Student-T-test,KL divergence,PropensityScore,PredictRealOrSyn,Log Cluster Metric,Feature Correlations Difference,Cross-validation,F-1 score,Geometric Mean,Feature-consistency,EuclideanDistance_Mean,EuclideanDistance_Std,HausdorffDistance,CosineSimilarity
0,NextConvGeN,5.827558452607125e-15,0.004006852937538826,0.07084891014098837,0.5478726581354698,-15.02007768259136,0.007005697975627199,0.004984924623115505,0.02846061247520132,0.0444602441631258,0.017334308645738927,4.2817,1.2911,3.744,0.0061
1,CTGAN,7.000547048607904e-25,0.007304150437503872,0.11826409686659504,0.5937825837078266,-5.738974455239869,0.028192367953427794,0.4833969849246231,0.031550288873173155,0.03561208987747361,0.05130124561167965,4.3341,1.1026,3.5426,0.0041
2,convexCTGAN,3.741980468552998e-29,0.038558102519554396,0.13684054724530792,0.6372971802878018,-7.117907246598365,0.02813220368261682,0.25075879396984924,0.02846061247520132,0.0444602441631258,0.04692966991478101,4.294,1.2495,4.6225,0.0063
3,CTABGAN,3.783960733818098e-27,0.24154233057717858,0.34316471347991795,0.8456272351344939,-2.2519166428681254,0.029433912904740584,0.46841206030150745,0.09410325675183084,0.10775654224134384,0.05158189537682239,4.3667,0.9654,3.2522,0.0003
4,convexCTABGAN,1.7763186027221503e-21,0.15489774850152488,0.30362887239651337,0.8221181086527152,-2.8977697158536375,0.02926012281396753,0.49444723618090447,0.0950936966236563,0.10896475788049764,0.057847510703964135,4.3618,0.9874,3.6236,0.0007
5,TabDDPM,0.7279896007275463,0.0029671249880666045,0.03179537717186368,0.4652833859769256,-7.095391838186511,0.005917258635842397,0.012060301507537785,0.02846061247520132,0.0444602441631258,0.0095624105265217,4.2686,1.334,1.4696,0.0068
