,Model,Accuracy,F1_score,RMSE
0,NextConvGeN,0.5612582781456954,0.555947909863995,0.8488152212586781
1,CTGAN,0.5264900662251655,0.49705951528224346,1.280017272935268
2,convexCTGAN,0.478476821192053,0.4666914107202983,1.5914839339029192
3,CTABGAN,0.46357615894039733,0.4652979978895315,1.1587259954071174
4,convexCTABGAN,0.3692052980132451,0.31885651708897145,1.1979600533434196
5,TabDDPM,0.5554635761589404,0.5484222244877643,1.2668453637406771
