,Model,Accuracy,F1_score,RMSE
0,NextConvGeN,0.616822825534797,0.6100237039835539,1.2578956082731345
1,CTGAN,0.55050939775357,0.5500296827092469,1.4906039032699936
2,convexCTGAN,0.5930109499350905,0.5879943733867925,1.3400352610558666
3,CTABGAN,0.4279435005926511,0.4655614713726624,1.5538514711688207
4,convexCTABGAN,0.5419230117965795,0.5343230449410016,1.3897238817910322
5,TabDDPM,0.6403242648303887,0.6378807805014446,1.2887005313689697
