,Model,Student-T-test,KL divergence,PropensityScore,PredictRealOrSyn,Log Cluster Metric,Feature Correlations Difference,Cross-validation,F-1 score,Geometric Mean,Feature-consistency,EuclideanDistance_Mean,EuclideanDistance_Std,HausdorffDistance,CosineSimilarity
0,NextConvGeN,0.6074233877585298,0.0006937099880935849,0.0351301783120757,0.5062099578004369,-10.116114324136177,0.030304186037081855,0.020669577874818046,0.0022296027908229044,0.001975419812748652,0.025285794364017,4.4784,1.3943,2.3752,0.0057
1,CTGAN,1.835755986585532e-05,0.01935370319079477,0.1333018790227542,0.6314612938624938,-5.321185234088115,0.05851931132634582,0.3176128093158662,0.0308784930215045,0.032302433584626276,0.06884229308112914,4.4889,1.3599,4.162,0.0062
2,convexCTGAN,0.05411361270245107,0.0018983587937744602,0.05819650486991307,0.5421348029522273,-8.664537056312625,0.03776716663152257,0.11208151382823872,0.0308784930215045,0.032302433584626276,0.04361915995780978,4.4941,1.3426,3.7314,0.0054
3,CTABGAN,3.479221302764359e-05,0.14979962966277444,0.32387701186667106,0.8282307011377876,-5.282412559782786,0.11248812795681909,0.6832605531295487,0.03989782833996677,0.04936974106524465,0.07865139109278205,4.5746,1.0357,3.128,0.0008
4,convexCTABGAN,0.14507229529615898,0.00470405754371415,0.08445284202474462,0.6196630951323991,-14.136944322403656,0.10847354682474807,0.6788937409024745,0.01807221669818746,0.022185661451007033,0.0793300562808413,4.5444,1.1614,4.4876,0.0035
5,TabDDPM,0.5329622176403461,0.00023740294343681007,0.015206700345702238,0.46259251030851994,-12.264736958437693,0.009393836619287794,0.006113537117903967,0.0019417838980780797,0.0003770167299192856,0.014582704112547052,4.4846,1.3743,2.0882,0.0056
