,Model,Student-T-test,KL divergence,PropensityScore,PredictRealOrSyn,Log Cluster Metric,Feature Correlations Difference,Cross-validation,F-1 score,Geometric Mean,Feature-consistency,EuclideanDistance_Mean,EuclideanDistance_Std,HausdorffDistance,CosineSimilarity
0,NextConvGeN,0.6074233877585298,0.0006937099880935849,0.03416853386819404,0.510100271819901,-10.116114324136177,0.03030419587079843,0.020669577874818046,0.0022296027908229044,0.001975419812748652,0.025285794364017,4.4784,1.3943,2.3752,0.0057
1,CTGAN,1.835755986585532e-05,0.01935370319079477,0.13426301815530314,0.6306357831551352,-5.321185234088115,0.05851931810000251,0.3176128093158662,0.0308784930215045,0.032302433584626276,0.06884229308112914,4.4889,1.3599,4.162,0.0062
2,convexCTGAN,0.28630659150624704,0.0011710763610050265,0.04135857918889499,0.5291684381045537,-9.378215732499699,0.04655022157227263,0.10887918486171755,0.026800396517330682,0.008489201197434494,0.045699545584227105,4.4938,1.3437,3.6389,0.005
3,CTABGAN,3.479221302764368e-05,0.14979962966277444,0.3145164872215,0.8304399062702477,-5.282412559782786,0.1124881190544251,0.6832605531295487,0.03989782833996677,0.04936974106524465,0.07865139109278205,4.5746,1.0357,3.128,0.0008
4,convexCTABGAN,0.15554298944254372,0.0032871612489641768,0.06515853457785095,0.6129291067484754,-12.562363400098414,0.10755408674452645,0.6739446870451238,0.03989782833996677,0.04936974106524465,0.08031032171921366,4.5434,1.165,4.2497,0.0035
5,TabDDPM,0.5329622176403461,0.00023740294343681007,0.015206296220210207,0.46549217211804617,-12.264736958437693,0.009393842218916745,0.006113537117903967,0.0019417838980780797,0.0003770167299192856,0.014582704112547052,4.4846,1.3743,2.0882,0.0056
