,Model,Student-T-test,KL divergence,PropensityScore,PredictRealOrSyn,Log Cluster Metric,Feature Correlations Difference,Cross-validation,F-1 score,Geometric Mean,Feature-consistency,EuclideanDistance_Mean,EuclideanDistance_Std,HausdorffDistance,CosineSimilarity
0,NextConvGeN,0.7537349041223654,0.0020558512681149842,0.06558297012953174,0.3973190075202459,-11.871857959515353,0.006893092794544182,0.0049932523616733615,0.0,0.0,0.029306182602774837,5.5583,1.0513,2.9564,0.0002
1,CTGAN,3.886324500955606e-11,0.013450485352266886,0.19051744011157704,0.6648490646160324,-6.770653938560504,0.015355934979003649,0.7496626180836706,0.0331135066582118,0.037721316141723374,0.06973647625344817,5.6015,0.7896,4.3207,0.0001
2,convexCTGAN,2.6853867295362385e-10,0.021247428160350534,0.21516241724277732,0.6557320309293994,-5.711058478351328,0.0157433424895423,0.6295546558704453,0.0,0.0,0.0654002733990188,5.5972,0.8191,5.0553,0.0001
3,CTABGAN,0.5734504055151135,0.014204033117474441,0.1334280786412642,0.5918416574618623,-10.513688566450416,0.015605244767544641,0.6820512820512821,0.14441299030709306,0.15155476705512516,0.0804007494898873,5.6011,0.7919,4.4005,0.0
4,convexCTABGAN,0.0035862450591453332,0.01619151076050684,0.16436485055959843,0.5821810469499814,-11.90055265348357,0.01532822647086542,0.6928475033738191,0.0331135066582118,0.037721316141723374,0.06296658391068596,5.6034,0.776,4.416,-0.0
5,TabDDPM,0.9711415228464113,0.004909970248639079,0.0847054302804362,0.4924967715211618,-8.312556321110055,0.011526291207530463,0.00013495276653174848,0.0,0.0,0.031105354101933446,5.5557,1.065,3.3957,0.0003
