,Model,Student-T-test,KL divergence,PropensityScore,PredictRealOrSyn,Log Cluster Metric,Feature Correlations Difference,Cross-validation,F-1 score,Geometric Mean,Feature-consistency,EuclideanDistance_Mean,EuclideanDistance_Std,HausdorffDistance,CosineSimilarity
0,NextConvGeN,0.7537349041223654,0.0020558512681149842,0.06710919060878678,0.3973190075202459,-11.871857959515353,0.006893092297838809,0.0049932523616733615,0.0,0.0,0.029306182602774837,5.5583,1.0513,2.9564,0.0002
1,CTGAN,3.886324500955606e-11,0.013450485352266886,0.19051744011160932,0.6627747164957698,-6.770653938560504,0.015355934426310216,0.7496626180836706,0.0331135066582118,0.037721316141723374,0.06973647625344817,5.6015,0.7896,4.3207,0.0001
2,convexCTGAN,1.2451529870734354e-06,0.017205844071037233,0.1623347011229392,0.6182549883060375,-5.204263851616291,0.015839117009955234,0.7553306342780026,0.0,0.0,0.07472564645517413,5.601,0.7927,4.5848,0.0001
3,CTABGAN,0.5734504055151135,0.014204033117474441,0.13340545648432753,0.5918416574618623,-10.513688566450416,0.015605244767544641,0.6820512820512821,0.14441299030709306,0.15155476705512516,0.0804007494898873,5.6011,0.7919,4.4005,0.0
4,convexCTABGAN,0.0017300314678794187,0.006168644089752452,0.128084264439047,0.5146863778571096,-10.506849023948073,0.015986369291744615,0.7443994601889339,0.0331135066582118,0.037721316141723374,0.07681821268407882,5.6031,0.778,4.4749,0.0
5,TabDDPM,0.9711415228464113,0.004909970248639079,0.0851629683277605,0.4924967715211618,-8.312556321110055,0.011526291615538448,0.00013495276653174848,0.0,0.0,0.031105354101933446,5.5557,1.065,3.3957,0.0003
