,Model,Student-T-test,KL divergence,PropensityScore,PredictRealOrSyn,Log Cluster Metric,Feature Correlations Difference,Cross-validation,F-1 score,Geometric Mean,Feature-consistency,EuclideanDistance_Mean,EuclideanDistance_Std,HausdorffDistance,CosineSimilarity
0,NextConvGeN,0.011188739741289862,0.005262720232251356,0.0440123395903152,0.6454939747784374,-2.0691141349224598,0.24813883980464047,0.003506721215663311,0.545974849903686,0.5283061126733506,0.024075152744160437,5.8874,1.8271,4.8427,0.0032
1,CTGAN,0.03597555755272201,0.005635755813592632,0.20119290872195894,0.7132241547261996,-4.44758430319566,0.12153899016035272,0.7604909409701929,0.1742814683562619,0.1792569537358983,0.0626321828377109,5.9878,1.4652,6.3354,0.0031
2,convexCTGAN,0.2255088798605179,0.013266696267758352,0.170547473006351,0.7046553244756701,-5.325939928930723,0.12193002686918127,0.7158386908240795,0.16709532822808218,0.17202296294586017,0.06749151803364424,5.9976,1.4242,5.795,0.0021
3,CTABGAN,0.07119916517543319,0.211815415735162,0.2773483776932174,0.7671752784298383,-2.1395169269295717,0.1200011932508378,0.7226767971946231,0.1309231288518778,0.13300128426689628,0.05090966867661411,6.0325,1.2683,4.9247,0.0005
4,convexCTABGAN,0.05530032154050257,0.22257214087487961,0.1433578175570787,0.7048027182323426,-1.8394283398752904,0.1204334254123044,0.767270601987142,0.11715645167542993,0.1286911300053245,0.06256327011920995,6.0295,1.2827,4.9603,0.0002
5,TabDDPM,0.0833761201780751,0.007808397754406751,0.1264794291294993,0.6183293113258611,-4.154793816469704,0.13319586157396945,0.1061952074810053,0.12649400677569692,0.12657043711504118,0.054785127790486915,5.917,1.729,6.0267,0.0097
