,Model,Accuracy,F1_score,RMSE
0,NextConvGeN,0.6283891547049442,0.6276756128584924,1.0469298380650225
1,CTGAN,0.5645933014354066,0.571358313509121,1.455018986302051
2,convexCTGAN,0.5893141945773525,0.5744993123472758,1.5258177605624201
3,CTABGAN,0.4481658692185008,0.49678483577242344,1.5297586876278295
4,convexCTABGAN,0.4298245614035088,0.46323895600853326,1.6586669780478531
5,TabDDPM,0.5406698564593302,0.4991995552243469,1.4562433220357835
