,Model,Accuracy,F1_score,RMSE
0,NextConvGeN,0.6283891547049442,0.6276756128584924,1.0469298380650225
1,CTGAN,0.5645933014354066,0.5713583135091211,1.455018986302051
2,CTABGAN,0.4481658692185008,0.49678483577242344,1.5297586876278295
3,TabDDPM,0.5406698564593302,0.4991995552243469,1.4562433220357835
4,CART,0.594896331738437,0.5953187649010516,1.315467637035473
5,DataSynth,0.3349282296650718,0.2835248626813916,1.4981582907256452
6,GReaT,0.5773524720893142,0.5657698216620407,1.3468972027294714
