,Model,Accuracy,F1_score,RMSE
0,NextConvGeN,0.8078396699086354,0.8062684984527336,
1,CTGAN,0.5668287651046272,0.5712379496315381,
2,CTABGAN,0.3649425287356322,0.42274236471693055,
3,TabDDPM,0.8327438844680224,0.8306871218165572,
4,CART,0.7379899793692897,0.7357330055898752,
5,DataSynth,0.339006778661951,0.3524546113890858,
6,GReaT,0.6049218980253463,0.6066830487616933,
