,Model,Accuracy,F1_score,RMSE
0,NextConvGeN,0.8079870321249631,0.8064502320158167,
1,CTGAN,0.5668287651046272,0.5712379496315381,
2,convexCTGAN,0.6281314470969644,0.6347783043913471,
3,CTABGAN,0.3649425287356322,0.42274236471693055,
4,convexCTABGAN,0.4582964927792515,0.5020922407959744,
5,TabDDPM,0.8327438844680224,0.8306871218165572,
