,Model,Accuracy,F1_score,RMSE
0,NextConvGeN,0.6133333333333333,0.6060730211371166,0.9519153874368733
1,CTGAN,0.525,0.49795524979672556,1.4498630254056273
2,convexCTGAN,0.5283333333333333,0.5230302333611314,1.5756780840314304
3,CTABGAN,0.5016666666666667,0.4935979647391772,1.2781302304168725
4,convexCTABGAN,0.5216666666666666,0.4945682130256861,1.1224558031053702
5,TabDDPM,0.5566666666666666,0.5419415662155179,1.0323417889117261
