,Model,Accuracy,F1_score,RMSE
0,NextConvGeN,0.6133333333333333,0.6060730211371166,0.9519153874368733
1,CTGAN,0.525,0.49795524979672556,1.4498630254056273
2,CTABGAN,0.5016666666666667,0.4935979647391772,1.2781302304168725
3,TabDDPM,0.5566666666666666,0.541941566215518,1.0323417889117261
4,CART,0.5733333333333334,0.5620488500259899,1.3443334901650286
5,DataSynth,0.5016666666666667,0.4981629777540332,1.7464222379981968
6,GReaT,0.5833333333333334,0.5369682027539698,1.032024985784756
