,Model,Student-T-test,KL divergence,PropensityScore,PredictRealOrSyn,Log Cluster Metric,Feature Correlations Difference,Cross-validation,F-1 score,Geometric Mean,Feature-consistency,EuclideanDistance_Mean,EuclideanDistance_Std,HausdorffDistance,CosineSimilarity
0,NextConvGeN,0.5453335561980822,0.0,0.03869916502562118,0.48277661826022955,-11.078907002082524,0.06039375321942406,0.09698857736240907,0.023167511739624724,0.005770018768576579,0.015266699236726813,3.9952,1.4277,2.8665,0.0069
1,CTGAN,0.06688032025764236,0.024896228153459883,0.2572742898433367,0.7571019019572554,-3.949357544338472,0.09992295630024894,0.18236413984077537,0.025361730132945515,0.0470956714232838,0.026950678273482007,4.0795,1.1653,3.6106,0.0021
2,CTABGAN,0.031556031312542206,0.0,0.2994002857233409,0.8420785254858993,-2.477585344820876,0.10060712966121955,0.14887504326756662,0.29010390371541395,0.2662233751418738,0.022585590341436493,4.1132,1.0401,2.9506,-0.0
3,CART,0.7100898915326198,0.0,0.01873202277013102,0.44099789475576745,-7.815147351103371,0.023145476988266002,0.016580131533402542,0.052301179068764636,0.06430895466723635,0.021966711898863497,4.0167,1.3661,3.9971,0.0069
4,DataSynth,0.009993340264338993,0.019659528809050163,0.1902647601354066,0.6764212383513911,-3.837855424060746,0.06838480680452702,0.1339563862928349,0.027401096571218586,0.005947365331957721,0.03012356740088236,4.0431,1.2859,5.181,0.004
5,GReaT,2.0657453223129104e-11,0.1857910897734948,0.49269951062927325,0.989770744360327,-1.5875428117288777,0.10412745713915801,0.15067497403946006,0.043981428991469396,0.07792661592595534,0.0281862085323331,4.1032,1.0786,3.0136,0.0009
6,TabDDPM,0.10288696236895836,0.0,0.49945042745010954,0.9953444098303912,-2.0120988945984033,0.47050347979032386,0.13386985115957073,0.032030812782325335,0.019165139072051363,0.03243973592142155,4.1339,0.9546,2.8334,0.001
