Model,f1score_mean,f1score_std,RMSE_mean,RMSE_std
CART,0.6311667444381883,0.056421067017214416,1.2042689085222877,0.058173913686678125
CTABGAN,0.580103711171858,0.020349640081025036,1.246590800896972,0.07506752228581658
CTGAN,0.6188899722898843,0.028938989942803483,1.3067706057777713,0.054033873567244844
DataSynth,0.5925255576765555,0.017967247381800312,1.697968463849086,0.053749591425136425
GReaT,0.6230205639892199,0.030196847941678626,1.232800653580711,0.04011144101341375
NextConvGeN,0.6337395985328639,0.018107670275117796,1.3454994224264916,0.04974351487465853
TabDDPM,0.6342886059992126,0.028830883108638482,1.297253241488622,0.13712507509600136
