,Model,Accuracy,F1_score,RMSE
0,NextConvGeN,0.609375,0.6048855791826732,1.4168412047425472
1,CTGAN,0.1328125,0.12692604287103368,1.5059619539232503
2,convexCTGAN,0.2734375,0.24654535448761172,1.4101379941724062
3,CTABGAN,0.1875,0.18925985583033067,1.461557240669809
4,convexCTABGAN,0.15885416666666666,0.15657997000638665,1.3988906970429995
5,TabDDPM,0.4661458333333333,0.46385708281399113,1.37344788711188
