,Model,Accuracy,F1_score,RMSE
0,NextConvGeN,0.6309921962095875,0.6259730154884886,
1,CTGAN,0.516722408026756,0.5051185163881853,
2,convexCTGAN,0.5016722408026756,0.49036606383516285,
3,CTABGAN,0.49999999999999994,0.4810810776430753,
4,convexCTABGAN,0.4827201783723523,0.47019701240645023,
5,TabDDPM,0.6555183946488294,0.6512024795494645,
