Dataset Name,Feature-consistency_TVAE,Feature-consistency_CTGAN,Feature-consistency_convexCTGAN,Feature-consistency_CTABGAN,Feature-consistency_convexCTABGAN,Feature-consistency_TabDDPM,Feature-consistency_NextConvGeN
HeartFailure,0.0329435716131722,0.1277871438660328,0.087097840304748,0.0394275669312569,0.0962568726609984,0.0434603950316084,0.0798627709064236
HeartDisease,0.1090841819900852,0.2120438020152937,0.1777132840115771,0.2746417391055249,0.1359573363547395,0.0347018915337492,0.024329114040673
IndianLiverPatients,0.044863857009784,0.1171200606974555,0.0685267656276203,0.0675536502801676,0.1397867449140615,0.0333459353533594,0.0185607138956729
PimaIndianDiabetes,0.0263715206244633,0.1417328877959068,0.0607916884025186,0.1564924950878758,0.1995506791717919,0.0243375917801055,0.0259462677569982
ContraceptiveMethods,0.0182174750839254,0.0808765820284757,0.0288799960921551,0.096609768141565,0.0814483800454744,0.0202374446930252,0.0174246754936688
Obesity,0.3638734177414675,0.7624475487143015,0.5206050368680883,0.7717237578683053,0.7504986555851256,0.0240647607079707,0.0400640606282269
