Dataset Name,Feature Correlations Difference_TVAE,Feature Correlations Difference_CTGAN,Feature Correlations Difference_convexCTGAN,Feature Correlations Difference_CTABGAN,Feature Correlations Difference_convexCTABGAN,Feature Correlations Difference_TabDDPM,Feature Correlations Difference_NextConvGeN
HeartFailure,0.0728328545138252,0.048831746814032,0.0540047406769192,0.0541663361298944,0.0444794613098265,0.1947508259357284,0.2370592615934427
HeartDisease,0.0886934034299173,0.1218232562728796,0.0833029573875465,0.0971740299755345,0.0942059741595594,0.0293110398782258,0.2792808086195248
IndianLiverPatients,0.1418538400797548,0.0913687651680268,0.0989333418859496,,0.0920158420457671,0.1326097372151479,0.0315806606273021
PimaIndianDiabetes,0.1164055568747449,0.0932139916541608,0.1169435862538841,0.1067922165502398,0.1114094780190118,0.2022674618315165,0.0280985096126837
ContraceptiveMethods,0.0734240713411256,0.0202712596455967,0.0339018336151737,0.0213519441041272,0.0211401387076241,0.0078181587567895,0.0073486982886
Obesity,0.0262609771542899,0.0971966273429826,0.0563623353743677,,,0.0067416751271456,0.0093975553023582
