Dataset Name,KL divergence_TVAE,KL divergence_CTGAN,KL divergence_convexCTGAN,KL divergence_CTABGAN,KL divergence_convexCTABGAN,KL divergence_TabDDPM,KL divergence_NextConvGeN
HeartFailure,0.1162171066233336,0.0067008353665053,0.0439600438844225,0.0233652639388646,0.0161405266600112,0.0133664474535081,0.0108700334527037
HeartDisease,0.0422567993474168,0.015711339060759,0.030438955184624,0.2242626107265857,0.2380965211243564,0.0020886568112446,0.011605872086554
IndianLiverPatients,0.365990866988179,0.0264816993495983,0.0342645813365982,0.0482383696806349,0.052654613189023,0.0003218558590314,8.721918507560754e-06
PimaIndianDiabetes,0.0,0.043026836034904,0.0,0.2036833285911563,0.0,0.0,0.0
ContraceptiveMethods,0.1578621072198494,0.010332887282471,0.0251884429441278,0.247483033563011,0.1821834213930809,0.000567422365926,0.0020487106309446
Obesity,0.0610612448721955,0.0336451990155842,0.0148205686401541,0.3753599755660907,0.0720704738505992,0.0008202687803588,0.0028555346002183
