Dataset Name,Log Cluster Metric_TVAE,Log Cluster Metric_CTGAN,Log Cluster Metric_convexCTGAN,Log Cluster Metric_CTABGAN,Log Cluster Metric_convexCTABGAN,Log Cluster Metric_TabDDPM,Log Cluster Metric_NextConvGeN
HeartFailure,-10.265639761517354,-9.396244835555802,-11.568856347304026,-2.040131617530394,-6.080132112186863,-2.1811945296107886,-2.060314481897326
HeartDisease,-9.275205635014212,-6.183739360785645,-3.717608841556562,-2.565957094878906,-1.6919068944655418,-7.9347785746534525,-2.0696964281831893
IndianLiverPatients,-2.467308291043653,-11.400992322497506,-4.053171667506071,-2.091048733282192,-2.4750045741964657,-2.5013181306087517,-6.995520244734436
PimaIndianDiabetes,-6.252572702765487,-4.467760455178979,-12.337601336916933,-2.031660403175732,-11.483124729125494,-1.9997251336002595,-21.41641301750636
ContraceptiveMethods,-5.842765956279602,-6.445113735905032,-6.577998257523675,-2.336353926883462,-2.649797420043185,-11.862559929259133,-12.89577124185761
Obesity,-6.379687184581298,-3.520646367455335,-8.461980982599956,-1.5571801986787153,-1.7870350175675649,-12.57252964011012,-9.144011152869751
