Dataset Name,PredictRealOrSyn_TVAE,PredictRealOrSyn_CTGAN,PredictRealOrSyn_convexCTGAN,PredictRealOrSyn_CTABGAN,PredictRealOrSyn_convexCTABGAN,PredictRealOrSyn_TabDDPM,PredictRealOrSyn_NextConvGeN
HeartFailure,0.5532763666167695,0.6644549375122262,0.6950671656434839,0.7604123636156672,0.8243153956959436,0.6280229136160227,0.7149460043779935
HeartDisease,0.7599934608568217,0.6907508454734331,0.8092144073914602,0.883067938854316,0.9205714373257344,0.4173875433667809,0.5453119946265726
IndianLiverPatients,0.7185479887602974,0.8269212040082504,0.6637074851633554,0.8261613734246371,0.82881484411317,0.5971727252908243,0.4955279063635235
PimaIndianDiabetes,0.719110246142565,0.690363088371809,0.6290137390785013,0.8566332582517809,0.7726482991980974,0.8238998691875045,0.477037542329484
ContraceptiveMethods,0.6999551144107242,0.5907562188708815,0.5803549058171327,0.8542223086791495,0.8210584885071144,0.4774620890955168,0.5124476550846119
Obesity,0.6618668998710641,0.7008916364233501,0.5986353677553943,0.9428675541832734,0.826498914278029,0.4921205102803714,0.4684714870166296
