Dataset Name,Cross-validation_TVAE,Cross-validation_CTGAN,Cross-validation_convexCTGAN,Cross-validation_CTABGAN,Cross-validation_convexCTABGAN,Cross-validation_TabDDPM,Cross-validation_NextConvGeN
HeartFailure,0.0146341463414634,0.1478513356562137,0.1577235772357723,0.1725900116144019,0.124506387921022,0.1049941927990708,0.0570267131242739
HeartDisease,0.0708748615725358,0.3129568106312292,0.217718715393134,0.3418604651162791,0.1853820598006645,0.0805094130675525,0.0183831672203763
IndianLiverPatients,0.0756645569620252,1.1102230246251563e-16,0.0351582278481011,0.0152215189873415,0.0227848101265824,0.093512658227848,0.1061075949367087
PimaIndianDiabetes,0.1155244029075805,0.1526652821045344,0.0095015576323987,0.1470058843890618,0.1583419868466596,0.040896503980616,0.0948771201107649
ContraceptiveMethods,0.1443618090452261,0.140391959798995,0.0971608040201005,0.1243869346733668,0.1524723618090452,0.0390502512562813,0.044140703517588
Obesity,0.2267123287671233,0.68013698630137,0.2904109589041095,0.678082191780822,0.68013698630137,0.036986301369863,0.0260273972602739
