Dataset Name,F-1 score_TVAE,F-1 score_CTGAN,F-1 score_convexCTGAN,F-1 score_CTABGAN,F-1 score_convexCTABGAN,F-1 score_TabDDPM,F-1 score_NextConvGeN
HeartFailure,0.4849618201651861,0.2813968997543876,0.4849618201651861,0.3258501468220138,0.4849618201651861,0.0,0.0174509254569147
HeartDisease,0.0,0.0098022834864939,0.0148148148148148,0.1455607249053128,0.0,0.0238722443946324,0.3634107977342301
IndianLiverPatients,0.0,0.4380090497737556,0.0,0.4380090497737556,0.0585223991419849,0.0,0.0
PimaIndianDiabetes,0.0,0.3479783699273299,0.0,0.3479783699273299,0.3914127053454439,0.3914340069937794,0.0
ContraceptiveMethods,0.1451926943376034,0.2446242409752599,0.2006697223006394,0.1178211780997431,0.3420960420258164,0.0686675874282563,0.0929687117510401
Obesity,0.1348200965451798,0.0092645190204091,0.0856675755525223,0.0096198764585212,0.0062212636884329,0.012941880152973,0.0821387895870071
