Dataset Name,Feature-consistency_TVAE,Feature-consistency_CTGAN,Feature-consistency_convexCTGAN,Feature-consistency_CTABGAN,Feature-consistency_convexCTABGAN,Feature-consistency_TabDDPM,Feature-consistency_NextConvGeN
HeartFailure,0.0876255607106076,0.2143352143555925,0.2027536046674257,0.2249588987551628,0.3960754729225346,0.027706435502788,0.0639373648118612
HeartDisease,0.0523862061823636,0.1870497067688961,0.1102636808309379,0.2689321272447655,0.1922856731778512,0.0507196075088052,0.0533847578770163
IndianLiverPatients,0.0421142242360241,0.1096123408664825,0.0415681436726821,0.1137458190773055,0.0582987229052334,0.0427119779472521,0.0231122612016466
PimaIndianDiabetes,0.0483889678120437,0.102801878447633,0.0344018448779689,0.1647290361887424,0.1917460338667636,0.0324100759472975,0.0499041527917607
ContraceptiveMethods,0.0172650289095556,0.0902564757201221,0.0441840609753696,0.1090154850822099,0.1084137089461513,0.0110491249634076,0.0520681902072974
Obesity,0.3397165416629042,0.7802972298844097,0.495098718910527,0.7219335917868499,0.7748261938026093,0.029956237269443,0.0294105530748849
