Dataset Name,Feature Correlations Difference_TVAE,Feature Correlations Difference_CTGAN,Feature Correlations Difference_convexCTGAN,Feature Correlations Difference_CTABGAN,Feature Correlations Difference_convexCTABGAN,Feature Correlations Difference_TabDDPM,Feature Correlations Difference_NextConvGeN
HeartFailure,0.0521233840087032,0.0453924315718496,0.0604126754817875,0.0541107190264932,0.0450146147566418,0.1101331350244887,0.2481718161575414
HeartDisease,0.0941852606423685,0.1091148119579621,0.095449949986998,0.1023792666035701,0.0845306091721311,0.0372418134452744,0.2680604942574397
IndianLiverPatients,0.055502017042007,0.1348103652788023,0.0818130378396868,,0.1043333349203443,0.0358927953730929,0.0267952918785239
PimaIndianDiabetes,0.1756541662694763,0.0880964491076192,0.1121252387758906,0.1006962947421703,0.0973684944308009,0.2280875009227243,0.0412083040963798
ContraceptiveMethods,0.0557781082313603,0.0199427285304773,0.0261007541555308,0.0209400094802969,0.0210229095688353,0.0066812556744238,0.0054229181548443
Obesity,0.0203376544956184,0.0880084896675577,0.0494728699739751,,,0.0099447694271862,0.0122534128131795
