Dataset Name,KL divergence_TVAE,KL divergence_CTGAN,KL divergence_convexCTGAN,KL divergence_CTABGAN,KL divergence_convexCTABGAN,KL divergence_TabDDPM,KL divergence_NextConvGeN
HeartFailure,0.1793195328706426,0.0048360498160971,0.0486903946674245,0.0322367345971871,0.0357243134946793,0.0102632159181966,0.005598092317423
HeartDisease,0.0800766824773276,0.0176223536544118,0.0199903907959674,0.2419799209202146,0.2657579652275211,0.0038936636182498,0.0081330431739592
IndianLiverPatients,0.1937876592690976,0.0369535103312556,0.0020635764497705,0.0559606529462679,0.0721365521039807,0.0009058889605086,0.0005737234419871
PimaIndianDiabetes,0.0,0.0369335419955454,0.0,0.1574141516381994,0.1322622287006354,0.0582881420485943,0.0285050751227475
ContraceptiveMethods,0.067133848605188,0.0089424028551895,0.0208793527750529,0.2363216876156712,0.1839776540475669,0.0018891333879551,0.0029243378730598
Obesity,0.0682140472868423,0.0341328780018574,0.0131654402297818,0.3854772984085936,0.091187065031576,0.0008292057596119,0.0019065172026274
