Dataset Name,Log Cluster Metric_TVAE,Log Cluster Metric_CTGAN,Log Cluster Metric_convexCTGAN,Log Cluster Metric_CTABGAN,Log Cluster Metric_convexCTABGAN,Log Cluster Metric_TabDDPM,Log Cluster Metric_NextConvGeN
HeartFailure,-10.369964147012556,-9.587181227863486,-1.833770600232772,-2.8242157930824416,-1.7975460564876744,-11.746558800299288,-2.0670413771670364
HeartDisease,-9.847115724274374,-6.589905761354339,-7.112040159465566,-2.4542114692218124,-1.7569855863516426,-10.62077142675371,-2.0691260540901677
IndianLiverPatients,-2.4236177961272576,-3.6621138224143848,-8.207259374884524,-1.995830283358256,-4.277877718860836,-6.743003904308682,-9.940545294669068
PimaIndianDiabetes,-5.891621491178626,-13.694168660666612,-9.237636248313244,-3.1474307321243487,-3.0344276717405507,-1.9418804232753968,-8.76809348204461
ContraceptiveMethods,-4.850587187566927,-6.882818468225671,-7.45392598584603,-2.361000263650967,-2.797966200265977,-12.91499935540264,-8.105810340051892
Obesity,-6.047858506271418,-7.618727386759207,-9.070687151779842,-1.555345019503811,-1.743510173192066,-12.24752595195425,-10.736769407749277
