Dataset Name,PredictRealOrSyn_TVAE,PredictRealOrSyn_CTGAN,PredictRealOrSyn_convexCTGAN,PredictRealOrSyn_CTABGAN,PredictRealOrSyn_convexCTABGAN,PredictRealOrSyn_TabDDPM,PredictRealOrSyn_NextConvGeN
HeartFailure,0.6483965913395414,0.8178566224468098,0.7423131399625451,0.7026845305744618,0.7999382027058315,0.5975442100739741,0.7060022393606536
HeartDisease,0.76566084552755,0.6717524199599075,0.7679038535129543,0.8865562451060569,0.91375046142488,0.4250446559542669,0.5889843612589009
IndianLiverPatients,0.7221891516970307,0.7973794804931529,0.7061545182683922,0.8381801020500269,0.7645586981139183,0.5304181898707953,0.4404464104175711
PimaIndianDiabetes,0.7220844883048346,0.8219399129555442,0.6847116529156534,0.7786197921130646,0.7585244609868501,0.8740593545747656,0.4653613950143093
ContraceptiveMethods,0.6442182251304731,0.6642075417327479,0.6112826444033225,0.8499458508547484,0.8255915719392345,0.4977160930293095,0.5115490129050227
Obesity,0.624174042656914,0.6983135801112086,0.6369489507397212,0.9422424545886484,0.8482965128005299,0.4493983781388116,0.4599253703381079
