Dataset Name,PropensityScore_TVAE,PropensityScore_CTGAN,PropensityScore_convexCTGAN,PropensityScore_CTABGAN,PropensityScore_convexCTABGAN,PropensityScore_TabDDPM,PropensityScore_NextConvGeN
HeartFailure,0.0479956066179822,0.0839387425917287,0.0285017808648481,0.0459681068166824,0.0979204595510653,0.0096751677020811,0.0037471920916148
HeartDisease,0.1058043184621159,0.0600120529150411,0.0871238125073469,0.1623213668875479,0.1820895641324303,0.0017359604488485,0.0329075921116584
IndianLiverPatients,0.0816560226377196,0.0781693655821529,0.049371499558693,0.1176201966952773,0.0841282759487307,0.007986809548824,0.0026773607453605
PimaIndianDiabetes,0.0700707147421461,0.1144726802169408,0.0424491503783962,0.1043536732353236,0.0771351778959661,0.1178893302688923,0.0010597549020272
ContraceptiveMethods,0.0379812528306474,0.0392389630963269,0.0098969339753305,0.133269627472302,0.1185160479425913,0.0011792641684665,0.0038397164821611
Obesity,0.0358768818367599,0.0598321134642507,0.0168475128383109,0.1922155024789539,0.1267990365356156,0.0014546878748504,0.0014699946871831
