,Model,Student-T-test,KL divergence,PropensityScore,PredictRealOrSyn,Log Cluster Metric,Feature Correlations Difference,Cross-validation,F-1 score,Geometric Mean,Feature-consistency,EuclideanDistance_Mean,EuclideanDistance_Std,HausdorffDistance,CosineSimilarity
0,NextConvGeN,0.009850486272485578,0.0055980923174230035,0.07095125479837093,0.6786814851790502,-2.0670413771670364,0.24817182237023908,0.05702671312427399,0.0,0.0,0.021546266633098044,4.9364,1.2776,4.149,-0.0001
1,CTGAN,0.0002523188985481192,0.004836049816097136,0.254694938299658,0.8192265703283853,-9.27354603804382,0.04539243157573012,0.14785133565621378,0.28139689975438764,0.34452251431121816,0.05038298515250716,4.9388,1.2682,4.5585,0.0011
2,CTABGAN,0.0015857833434395222,0.032236734597187164,0.24196996940508797,0.7021538824083893,-2.8572565549074813,0.05411071592596517,0.1725900116144019,0.3258501468220138,0.32097727744080917,0.03159114798402767,4.9915,1.0417,3.6791,0.0006
3,CART,0.4551972197732376,0.002662583701638874,0.02897286170319097,0.5056956953410052,-10.3888867754133,0.047693969746906456,0.0288037166085946,0.0,0.0,0.03253722076414096,4.9302,1.3011,4.6249,0.0022
4,DataSynth,0.5436325171951015,0.0014115208519008295,0.07300155658084695,0.49820355297248753,-7.793142878578503,0.04520883918304764,0.1869918699186992,0.21256038647342995,0.19818151351236843,0.031552102807164445,4.9652,1.1605,5.1115,0.0007
5,GReaT,0.022214889517990295,0.03738999599174666,0.49998524105384,1.0,-1.3862943611198906,0.059524325091671784,0.21974448315911732,0.48496182016518613,0.4673691238505955,0.03507521091529516,4.9893,1.0522,3.7548,0.0002
6,TabDDPM,0.22299894448309063,0.01026321591819668,0.08232556132123268,0.6026223226942331,-5.97944517855707,0.11013312274267234,0.10499419279907085,0.0,0.0,0.028440197943554447,4.8989,1.4145,6.0217,0.0037
