,Model,Student-T-test,KL divergence,PropensityScore,PredictRealOrSyn,Log Cluster Metric,Feature Correlations Difference,Cross-validation,F-1 score,Geometric Mean,Feature-consistency,EuclideanDistance_Mean,EuclideanDistance_Std,HausdorffDistance,CosineSimilarity
0,NextConvGeN,0.7014820960310202,0.0013986509361395812,0.05424536568080838,0.36710844117776087,-8.270765266247096,0.008052737049218958,0.015654520917678938,0.0,0.0,0.013571087253835957,5.5531,1.0783,3.5504,0.0003
1,CTGAN,3.5061837018322615e-21,0.012799272810110694,0.22087279617375066,0.6947748144580432,-5.1666120646262215,0.017460495271796394,0.5941970310391362,0.15951218495186092,0.15817816273485868,0.05583664762766314,5.6008,0.7944,4.6135,0.0001
2,convexCTGAN,0.00013288663867201195,0.02538147868824923,0.18455141118243326,0.6461185113559953,-4.049132057956063,0.01646994336135641,0.6503373819163293,0.15951218495186092,0.15817816273485868,0.051841525167980476,5.5995,0.8035,4.5871,0.0001
3,CTABGAN,0.07042261407327675,0.013862127537335336,0.15263339743243917,0.5820939678712016,-6.757622530136131,0.017469706624987816,0.6719298245614035,0.15951218495186092,0.15817816273485868,0.04479223578508605,5.6068,0.7511,4.4783,-0.0
4,convexCTABGAN,0.05461978496445562,0.0067397351962389645,0.10841634463448276,0.5258323829630216,-8.622879801852458,0.017152643660493336,0.6251012145748988,0.15951218495186092,0.15817816273485868,0.05141537209578322,5.6029,0.7792,4.4042,0.0001
5,TabDDPM,0.46870250975281025,0.0022578803843530597,0.06762373423863408,0.4132991793208511,-6.915506999867873,0.006926397105954016,0.015519568151147078,0.0,0.0,0.019382637072219884,5.555,1.0687,0.5901,0.0003
