,Model,Student-T-test,KL divergence,PropensityScore,PredictRealOrSyn,Log Cluster Metric,Feature Correlations Difference,Cross-validation,F-1 score,Geometric Mean,Feature-consistency,EuclideanDistance_Mean,EuclideanDistance_Std,HausdorffDistance,CosineSimilarity
0,NextConvGeN,0.7014820960310202,0.0013986509361395812,0.05380163403141496,0.37082504977241826,-8.270765266247096,0.008052737457226943,0.015654520917678938,0.0,0.0,0.013571087253835957,5.5531,1.0783,3.5504,0.0003
1,CTGAN,3.5061837018322615e-21,0.012799272810110694,0.22086673564365586,0.6947748144580432,-5.1666120646262215,0.017460495271796394,0.5941970310391362,0.15951218495186092,0.15817816273485868,0.05583664762766314,5.6008,0.7944,4.6135,0.0001
2,convexCTGAN,0.006745906313438797,0.012182306849122759,0.15540941510912584,0.6018646812125074,-5.587967221533553,0.01734577122743945,0.708502024291498,0.15121629436495587,0.14941865849109717,0.035063082231325614,5.6016,0.789,4.5025,0.0001
3,CTABGAN,0.07042261407327675,0.013862127537335336,0.15190506733645595,0.5808744556760796,-6.757622530136131,0.017469706598378598,0.6719298245614035,0.15951218495186092,0.15817816273485868,0.04479223578508605,5.6068,0.7511,4.4783,-0.0
4,convexCTABGAN,0.014688138464706112,0.01150950694216875,0.1330722890549946,0.5766469751429599,-7.4708740059660075,0.017116137582931606,0.704183535762483,0.15121629436495587,0.14941865849109717,0.03645976848136759,5.6047,0.7663,4.4151,0.0
5,TabDDPM,0.46870250975281025,0.0022578803843530597,0.06790519009654257,0.4124079137237032,-6.915506999867873,0.006926397517288153,0.015519568151147078,0.0,0.0,0.019382637072219884,5.555,1.0687,0.5901,0.0003
