,Model,Accuracy,F1_score,RMSE
0,NextConvGeN,0.6169498222046622,0.6126989065390273,1.2943556556817533
1,CTGAN,0.5442018964836034,0.5480618167080054,1.457110182055327
2,convexCTGAN,0.5859979116103178,0.5790291036546105,1.3716691896794126
3,CTABGAN,0.4358455156064797,0.4705963252598328,1.5914099686027958
4,convexCTABGAN,0.5362646046170345,0.5332373052521623,1.4466926296626936
5,TabDDPM,0.6314979962747643,0.6285216649976554,1.2486221620978402
