,Model,Accuracy,F1_score,RMSE
0,NextConvGeN,0.6426978818283167,0.6397213078119057,
1,CTGAN,0.5039018952062431,0.5030521746198907,
2,convexCTGAN,0.4966555183946489,0.4864984338117369,
3,CTABGAN,0.46934225195094764,0.4613562593102912,
4,convexCTABGAN,0.42920847268673346,0.4092622867969956,
5,TabDDPM,0.6120401337792643,0.6087730292906313,
