,Model,Student-T-test,KL divergence,PropensityScore,PredictRealOrSyn,Log Cluster Metric,Feature Correlations Difference,Cross-validation,F-1 score,Geometric Mean,Feature-consistency,EuclideanDistance_Mean,EuclideanDistance_Std,HausdorffDistance,CosineSimilarity
0,NextConvGeN,0.0006884490869586531,0.003515609245808584,0.0541650828392193,0.6591290883913536,-2.0654328725439273,0.24970125811622412,0.0033313851548802953,0.2526745508473261,0.22621132351207252,0.023697012466266446,5.8941,1.8056,5.5062,0.0023
1,CTGAN,0.04590444174728012,0.008687848854204525,0.18594671737600796,0.6794140702163154,-5.901304073834286,0.12018296010219653,0.7566335476329633,0.18757544376661445,0.18030391253077233,0.07768764780059094,5.9685,1.5416,6.5992,0.003
2,convexCTGAN,0.17922208600202374,0.024363858089212515,0.25888365417198606,0.7403949494606987,-6.099827136638464,0.11349059120586838,0.6883109292811223,0.2587026288178501,0.26293096106436714,0.06391219918336209,5.9761,1.5122,6.1159,0.0025
3,CTABGAN,0.14888379803592658,0.2442348842487437,0.30293596139575435,0.7863096836376494,-1.8974269599220281,0.11652857218814833,0.654178842781999,0.22474909155305456,0.21991184191206342,0.07111753955494059,6.0198,1.3273,4.9743,0.0004
4,convexCTABGAN,0.1912561427688454,0.22876610709350992,0.20206616927927903,0.7311034409908073,-1.7432134033279176,0.12497524432108348,0.7841613091759206,0.010905721768761312,0.008872420760647592,0.06133361131748435,6.0151,1.3486,5.0968,0.0002
5,TabDDPM,0.10418402360835645,0.008927000464295764,0.1898760297951718,0.6851683823829727,-4.282173333257392,0.1953590718285086,0.0962594973699592,0.2567940013384464,0.27166488267443656,0.03449131233600014,5.8964,1.7978,6.7123,0.0095
