,Model,Accuracy,F1_score,RMSE
0,NextConvGeN,0.58,0.5675668794291936,1.0586103928399302
1,CTGAN,0.5683333333333334,0.5653897593611785,1.6163539267424663
2,CTABGAN,0.45499999999999996,0.4403154730416847,1.29180102719474
3,TabDDPM,0.5650000000000001,0.5439959627225665,1.8817416615029512
4,CART,0.5233333333333333,0.5194024234955865,1.4442164033231208
5,DataSynth,0.5033333333333334,0.4904327866710071,1.7883504885812698
6,GReaT,0.535,0.5072010182670486,1.4649662648600608
