,Model,Accuracy,F1_score,RMSE
0,NextConvGeN,0.58,0.5675668794291936,1.0586103928399302
1,CTGAN,0.5683333333333334,0.5653897593611785,1.6163539267424663
2,convexCTGAN,0.5766666666666667,0.5629761816274826,1.3587197542190348
3,CTABGAN,0.45499999999999996,0.4403154730416847,1.29180102719474
4,convexCTABGAN,0.5066666666666667,0.4813615269741076,1.299009519058439
5,TabDDPM,0.5650000000000001,0.5439959627225663,1.8817416615029512
