,Model,Student-T-test,KL divergence,PropensityScore,PredictRealOrSyn,Log Cluster Metric,Feature Correlations Difference,Cross-validation,F-1 score,Geometric Mean,Feature-consistency,EuclideanDistance_Mean,EuclideanDistance_Std,HausdorffDistance,CosineSimilarity
0,NextConvGeN,0.6766134143589955,0.0015560741361196131,0.02875093598218084,0.43371994732664804,-8.649693216776026,0.03633169836979146,0.040348101265822556,0.0,0.0,0.023059169935446315,4.2348,2.0165,4.8979,0.0107
1,CTGAN,0.08960398375770122,0.020270000741830947,0.15531523765932773,0.6853006538984292,-4.771819819617951,0.10173465451285442,0.5125316455696203,0.008542568542568546,0.022087126956827283,0.06440747484281242,4.3278,1.8083,8.8971,0.008
2,convexCTGAN,0.10463264750226621,0.013083172299615628,0.15875453329839317,0.7180373075200661,-2.3127426063617507,0.11477853804418797,0.3840506329113924,0.0,0.0,0.07538682603738303,4.3042,1.8637,7.4723,0.007
3,CTABGAN,0.05915453091774899,0.07617530015081785,0.3481370506838405,0.8789729552726856,-2.27494206056976,,0.49743670886075947,0.05853056374064778,0.051516061400046595,0.053843986113223295,4.3331,1.4913,3.4434,0.0029
4,convexCTABGAN,0.0062077736947157135,0.05365784636861076,0.3403303215454637,0.8837389743570236,-2.4112087653555823,0.09178208215894289,0.5606645569620253,0.1649309111136395,0.16958258210156918,0.05544246098834873,4.4317,1.5361,4.2729,0.0038
5,TabDDPM,0.5849975363565745,0.00031944447082430695,0.04953685990281759,0.5503522935781626,-8.512662671574102,0.03616863955628406,0.004873417721518947,0.0,0.0,0.03541724732327388,4.1757,2.1362,6.1748,0.0131
