,Model,Student-T-test,KL divergence,PropensityScore,PredictRealOrSyn,Log Cluster Metric,Feature Correlations Difference,Cross-validation,F-1 score,Geometric Mean,Feature-consistency,EuclideanDistance_Mean,EuclideanDistance_Std,HausdorffDistance,CosineSimilarity
0,NextConvGeN,0.6766134143589955,0.0015560741361196131,0.02884254991911757,0.4368719148464115,-8.649693216776026,0.03633169836979146,0.040348101265822556,0.0,0.0,0.023059169935446315,4.2348,2.0165,4.8979,0.0107
1,CTGAN,0.08960398375770123,0.020270000741830947,0.1553183194923743,0.6906733317095848,-4.771819819617951,0.10173465451285442,0.5125316455696203,0.008542568542568546,0.022087126956827283,0.06440747484281242,4.3278,1.8083,8.8971,0.008
2,convexCTGAN,0.11356614814647618,0.020993995245861534,0.2204169629677568,0.7343713888969085,-5.669515781648566,0.18083105600170019,0.32310126582278476,0.14641684185742773,0.13910349939473043,0.06477176853721783,4.3261,1.8123,6.4714,0.007
3,CTABGAN,0.05915453091774899,0.07617530015081785,0.3480239952593715,0.8796830509812376,-2.27494206056976,,0.49743670886075947,0.05853056374064778,0.051516061400046595,0.053843986113223295,4.3331,1.4913,3.4434,0.0029
4,convexCTABGAN,0.0029811401461320836,0.03790935368530776,0.3558502191965761,0.8769846892034161,-2.2435585988986837,0.10792463246542003,0.5503481012658228,0.1494749706154792,0.16770711076636913,0.06084316535835384,4.4374,1.5197,3.9694,0.0035
5,TabDDPM,0.5849975363565745,0.00031944447082430695,0.04953681875255361,0.549600358594804,-8.512662671574102,0.03616863955628406,0.004873417721518947,0.0,0.0,0.03541724732327388,4.1757,2.1362,6.1748,0.0131
