,Model,Student-T-test,KL divergence,PropensityScore,PredictRealOrSyn,Log Cluster Metric,Feature Correlations Difference,Cross-validation,F-1 score,Geometric Mean,Feature-consistency,EuclideanDistance_Mean,EuclideanDistance_Std,HausdorffDistance,CosineSimilarity
0,NextConvGeN,0.00024307574927524315,0.0029243378730598687,0.0038397164821611166,0.5115490129050227,-8.105810340051892,0.005422918154844364,0.04414070351758803,0.09296871175104016,0.09621995390797133,0.052068190207297416,4.2952,1.2457,3.7026,0.0054
1,CTGAN,1.2562365187530572e-53,0.008942402855189593,0.039238963096326955,0.6642075417327479,-6.882818468225671,0.01994272853047738,0.140391959798995,0.24462424097525995,0.2286858548730996,0.09025647572012213,4.3389,1.0833,4.2135,0.0038
2,convexCTGAN,0.2147514242129729,0.020879352775052908,0.009896933975330596,0.6112826444033225,-7.45392598584603,0.026100754155530877,0.09716080402010052,0.20066972230063942,0.20657782391361235,0.04418406097536967,4.3002,1.2283,3.5042,0.0057
3,CTABGAN,0.02377469154163519,0.23632168761567124,0.13326962747230203,0.8499458508547484,-2.361000263650967,0.02094000948029695,0.12438693467336687,0.11782117809974313,0.04813938692109654,0.10901548508220998,4.3705,0.9482,3.2985,0.0002
4,convexCTABGAN,5.976378128383028e-22,0.18397765404756694,0.1185160479425913,0.8255915719392345,-2.797966200265977,0.021022909568835384,0.15247236180904522,0.34209604202581645,0.3282610359408124,0.10841370894615138,4.3639,0.9778,3.3426,0.0007
5,TVAE,0.03552567222476476,0.067133848605188,0.03798125283064749,0.6442182251304731,-4.850587187566927,0.055778108231360375,0.1443618090452261,0.14519269433760346,0.13214269836911247,0.017265028909555676,4.2153,1.4938,5.019,0.0083
6,TabDDPM,0.30070980123073643,0.0018891333879551221,0.001179264168466521,0.4977160930293095,-12.91499935540264,0.006681255674423841,0.039050251256281365,0.06866758742825635,0.06917030789929263,0.011049124963407653,4.2939,1.25,1.3716,0.0056
