Dataset,NextConvGeN
HeartDisease,0.0
LungCancer,3.12962962962963
IndianLiverPatients,4.2020202020202015
ContraceptiveMethods,0.625877632898696
Migraine,3.5437262357414445
Stroke,0.0
PimaIndianDiabetes,8.849162011173183
Obesity,1.4575342465753427
LiverCirrhosis,0.0
HeartFailure,6.124401913875597
