Dataset,TabDDPM,CTABGAN,NextConvGeN,CTGAN
HeartDisease,0.0,0.0,0.0,0.0
LungCancer,0.47916666666666663,0.01851851851851852,0.6296296296296295,0.0
IndianLiverPatients,0.0,0.0,0.0,0.0
ContraceptiveMethods,14.820461384152457,0.0280842527582748,0.3931795386158476,0.7181544633901705
Migraine,0.7756653992395436,0.0,0.42585551330798477,0.45627376425855515
Stroke,0.0,0.0,0.0,0.0
PimaIndianDiabetes,0.0,0.0,0.0,0.0
Obesity,0.0,0.0,0.0,0.0
LiverCirrhosis,0.0,0.0,0.0,0.0
HeartFailure,0.0,0.0,0.0,0.0
