Dataset,NextConvGeN
HeartDisease,0.0
LungCancer,4.537037037037037
IndianLiverPatients,3.2323232323232323
ContraceptiveMethods,1.1434302908726177
Migraine,3.802281368821293
Stroke,0.0
PimaIndianDiabetes,4.767225325884543
Obesity,2.6164383561643834
LiverCirrhosis,0.0
HeartFailure,3.062200956937799
