,Model,Accuracy,F1_score,RMSE
0,NextConvGeN,0.5516666666666666,0.5547531885510056,0.9201507293380962
1,CTGAN,0.5583333333333333,0.5576010996298914,1.4904188361739195
2,CTABGAN,0.54,0.5027383504339189,1.2030521683328594
3,TabDDPM,0.5466666666666666,0.5500593172537008,1.3308842587840946
4,CART,0.535,0.5358131102462739,1.3582811587072825
5,DataSynth,0.5266666666666666,0.5215852469988551,1.7147116794290012
6,GReaT,0.5233333333333333,0.509141759719834,1.052579634657146
