,Model,Accuracy,F1_score,RMSE
0,NextConvGeN,0.5516666666666666,0.5547531885510055,0.9201507293380962
1,CTGAN,0.5583333333333333,0.5576010996298914,1.4904188361739195
2,convexCTGAN,0.5549999999999999,0.5518644342022182,1.5289810535378578
3,CTABGAN,0.54,0.5027383504339189,1.2030521683328594
4,convexCTABGAN,0.475,0.4783622577364507,1.361259326880779
5,TabDDPM,0.5466666666666666,0.5500593172537008,1.3308842587840946
