,Model,Accuracy,F1_score,RMSE
0,NextConvGeN,0.6259168704156479,0.6264308570706447,1.2810574273984976
1,CTGAN,0.5641401792991034,0.5699614675187579,1.5056639776041634
2,convexCTGAN,0.580521597392013,0.587786146368608,1.3577648906570154
3,CTABGAN,0.39885900570497146,0.4448519430315569,1.3458437546664672
4,convexCTABGAN,0.5277098614506929,0.528844017251651,1.389115094284755
5,TabDDPM,0.6655256723716383,0.6676967472198074,1.2127257437565064
