,Accuracy,F1_score,RMSE
0,0.6516907454345987,0.6478783528420063,3292.525783861723
1,0.5776735822468895,0.5743235673760745,5818.350443639302
2,0.4949947118245513,0.48728730108090296,3032.9946352567245
3,0.6429631238839124,0.6387610330862415,4399.073323546171
