,Model,Accuracy,F1_score,RMSE
0,NextConvGeN,0.6043956043956044,0.599531528910073,
1,CTGAN,0.5229770229770229,0.5226430768978628,
2,convexCTGAN,0.5539460539460539,0.5380871995494876,
3,CTABGAN,0.5434565434565435,0.5215271488553168,
4,convexCTABGAN,0.5194805194805195,0.5105856166200412,
5,TabDDPM,0.6483516483516484,0.6414097289901394,
