,Model,Accuracy,F1_score,RMSE
0,NextConvGeN,0.6043956043956044,0.599531528910073,
1,CTGAN,0.5229770229770229,0.5226430768978628,
2,CTABGAN,0.5434565434565435,0.5215271488553168,
3,TabDDPM,0.6483516483516484,0.6414097289901394,
4,CART,0.5704295704295704,0.5666953994438171,
5,DataSynth,0.5414585414585414,0.5338567077144704,
6,GReaT,0.5319680319680319,0.5293342182330132,
