,Model,Student-T-test,KL divergence,PropensityScore,PredictRealOrSyn,Log Cluster Metric,Feature Correlations Difference,Cross-validation,F-1 score,Geometric Mean,Feature-consistency,EuclideanDistance_Mean,EuclideanDistance_Std,HausdorffDistance,CosineSimilarity
0,NextConvGeN,0.658564774684145,0.026285363848527123,0.0800183742308713,0.5430108743857117,-10.799838344277292,0.01957641486434057,0.025541356070205468,0.10495755700278706,0.08967510725555242,0.003725278252770926,8.3721,1.9769,15.6933,0.0015
1,CTGAN,2.0997907307069084e-10,0.03200571541408523,0.23814374462295132,0.7416701211436446,-8.615027817588942,0.044757291623395326,0.35741395287726196,0.0960155797375204,0.07405012349336362,0.01753433864758622,8.46,1.5585,9.6787,0.0009
2,convexCTGAN,0.1483117680909621,0.04412236176905904,0.1852145752794005,0.6783286075547622,-7.512116354216957,0.02987842767120392,0.2084098688801006,0.003855743606274581,0.0021257977042171694,0.010942029699219194,8.4192,1.7657,10.5701,0.0015
3,CTABGAN,1.6193744155719242e-08,0.061543184022859604,0.29341060150388276,0.8061803808248588,-3.7498272074946875,0.0469295044381559,0.6431453447110593,0.054988759681280586,0.06249972382120389,0.01474882015958235,8.5019,1.3107,8.1918,0.0004
4,convexCTABGAN,0.06919031088127603,0.026799418763655304,0.08685416046498148,0.5770498392590466,-7.719171739305902,0.04610762425236866,0.6367969836351455,0.023412326222537916,0.023390031822320523,0.0152636385251444,8.469,1.5087,10.5658,0.0008
5,TabDDPM,0.34622116014975557,0.006947521157088058,0.08038002241601892,0.5522136222434504,-8.934280189134563,0.017778627744837676,0.005786176918797126,0.014871665986534777,0.02042484065628869,0.005041462712842735,8.3942,1.8809,7.1346,0.0016
