,Model,Student-T-test,KL divergence,PropensityScore,PredictRealOrSyn,Log Cluster Metric,Feature Correlations Difference,Cross-validation,F-1 score,Geometric Mean,Feature-consistency,EuclideanDistance_Mean,EuclideanDistance_Std,HausdorffDistance,CosineSimilarity
0,NextConvGeN,0.5306967639533382,0.002795928954274218,0.030104738611382003,0.4684604211765914,-11.162007580975512,0.009609628080941075,0.03356164383561655,0.09064180710569858,0.02904069232496026,0.006092478027980318,5.571,1.7217,4.4504,0.0053
1,CTGAN,3.3968135459673264e-14,0.02236546279151455,0.22446739162191198,0.7311477934334261,-5.80908081735333,0.08417447737403932,0.4773972602739725,0.0557812492263694,0.01282770119119464,0.018403659607427608,5.6662,1.3763,6.1982,0.0028
2,convexCTGAN,0.31486962809559443,0.01517440691084095,0.09521929425220596,0.6439479907731174,-9.291290231826178,0.05035798075927846,0.14383561643835618,0.12672724128766638,0.06981934999743727,0.015191822985312395,5.6479,1.4496,5.6442,0.0035
3,CTABGAN,6.556315720461289e-94,0.3852246466194126,0.4404854986361826,0.9447741470910833,-1.5109027355683948,,0.5041095890410958,0.027133146723272855,0.01508680265928719,0.012416799497161055,5.6263,1.1595,4.7875,0.0002
4,convexCTABGAN,0.019389869582447216,0.07492134002418668,0.3360308494528577,0.8581868022432808,-1.969749214712334,,0.4746575342465752,0.06847198983508956,0.11120172922217277,0.010425669153321226,5.6107,1.2328,5.1149,0.0017
5,TabDDPM,0.7371570159453859,0.001772938076161224,0.025758454064811694,0.4276261357309953,-9.68343098349468,0.004582209699279155,0.022602739726027554,0.06834780794663783,0.11110454358090467,0.004842113769596076,5.5888,1.663,2.4186,0.0052
