,Model,Student-T-test,KL divergence,PropensityScore,PredictRealOrSyn,Log Cluster Metric,Feature Correlations Difference,Cross-validation,F-1 score,Geometric Mean,Feature-consistency,EuclideanDistance_Mean,EuclideanDistance_Std,HausdorffDistance,CosineSimilarity
0,NextConvGeN,0.5306967639533382,0.002795928954274218,0.0286833733213713,0.46571826621065887,-11.162007580975512,0.009609628080941075,0.03356164383561655,0.09064180710569858,0.02904069232496026,0.006092478027980318,5.571,1.7217,4.4504,0.0053
1,CTGAN,3.3968135459673264e-14,0.02236546279151455,0.22656886506455926,0.7339829914832606,-5.80908081735333,0.0841744736662593,0.4773972602739725,0.0557812492263694,0.01282770119119464,0.018403659607427608,5.6662,1.3763,6.1982,0.0028
2,convexCTGAN,0.22760886423780127,0.029830864766034203,0.13305015263093695,0.6656172051873486,-9.43558583203314,0.047987950633979204,0.15068493150684925,0.06847198983508956,0.11120172922217277,0.010659647799871538,5.6563,1.4165,5.5487,0.0028
3,CTABGAN,6.556315720461289e-94,0.3852246466194126,0.449595300164117,0.9498390510602176,-1.5109027355683948,,0.5041095890410958,0.027133146723272855,0.01508680265928719,0.012416799497161055,5.6263,1.1595,4.7875,0.0002
4,convexCTABGAN,0.02213082632659601,0.07915073034882601,0.31267187322180534,0.8721172022934598,-1.9939521227500059,,0.48767123287671227,0.09461685861446362,0.05933261151331071,0.010826996177755094,5.6086,1.2426,5.4126,0.0017
5,TabDDPM,0.7371570159453859,0.001772938076161224,0.025559468363151174,0.4273176176183681,-9.68343098349468,0.004582209842559551,0.022602739726027554,0.06834780794663783,0.11110454358090467,0.004842113769596076,5.5888,1.663,2.4186,0.0052
