,Model,Student-T-test,KL divergence,PropensityScore,PredictRealOrSyn,Log Cluster Metric,Feature Correlations Difference,Cross-validation,F-1 score,Geometric Mean,Feature-consistency,EuclideanDistance_Mean,EuclideanDistance_Std,HausdorffDistance,CosineSimilarity
0,NextConvGeN,0.509053245899266,0.0003125535109438802,0.04627578190824193,0.47180409402213586,-7.691428452619338,0.03282018249850864,0.04537974683544288,0.00845050902854369,0.0020214545765670083,0.03126191205375016,4.2326,2.0212,3.9894,0.0131
1,CTGAN,0.10904420917185925,0.032904180033719185,0.19936096525728275,0.7881067494354217,-4.353779588214431,0.17335879870029824,0.45196202531645574,0.1935719054330433,0.19706444941749718,0.06026538054413115,4.3606,1.7278,5.785,0.0071
2,convexCTGAN,0.2050159047848143,0.019964272918609006,0.1381172868588928,0.6513995185508016,-7.801190095824914,0.1353966073402238,0.41664556962025323,0.03275156216332688,0.033734295746614594,0.05255065765565577,4.3395,1.78,5.935,0.0085
3,CTABGAN,0.00021879407656694402,0.07553942697091807,0.2540658697466092,0.81795144921739,-2.1574031244495058,,0.5631645569620254,0.03275156216332688,0.033734295746614594,0.05434578129536023,4.3413,1.4674,3.7611,0.0031
4,convexCTABGAN,0.09080102108897586,0.07826883357008389,0.25121373441743117,0.791428908896064,-2.749662236443737,,0.5277848101265823,0.27715052741283347,0.2694890168609685,0.05964254249041474,4.3328,1.4923,3.9716,0.0031
5,TabDDPM,0.5007469708420189,0.00021807321076162175,0.04343805758747142,0.5264217717233166,-6.689999999039744,0.08302572867772749,0.042879746835443044,0.015725257714421778,0.007493115597451652,0.01866265786161834,4.2103,2.0672,2.6885,0.0172
