,Model,Student-T-test,KL divergence,PropensityScore,PredictRealOrSyn,Log Cluster Metric,Feature Correlations Difference,Cross-validation,F-1 score,Geometric Mean,Feature-consistency,EuclideanDistance_Mean,EuclideanDistance_Std,HausdorffDistance,CosineSimilarity
0,NextConvGeN,0.509053245899266,0.0003125535109438802,0.046442495474163174,0.46971041157681437,-7.691428452619338,0.03282018249850864,0.04537974683544288,0.00845050902854369,0.0020214545765670083,0.03126191205375016,4.2326,2.0212,3.9894,0.0131
1,CTGAN,0.10904420917185925,0.032904180033719185,0.19980804631238952,0.782356054974763,-4.353779588214431,0.17335879870029824,0.45196202531645574,0.1935719054330433,0.19706444941749718,0.06026538054413115,4.3606,1.7278,5.785,0.0071
2,convexCTGAN,0.1203530245244466,0.018554626064459553,0.24438954624320167,0.763808164310537,-6.181396175119546,0.15440426266863516,0.47952531645569624,0.0911385906728538,0.13029444103942828,0.05971974799456525,4.3592,1.7312,5.4184,0.0073
3,CTABGAN,0.00021879407656694402,0.07553942697091807,0.25406483334133,0.8152861424338121,-2.1574031244495058,,0.5631645569620254,0.03275156216332688,0.033734295746614594,0.05434578129536023,4.3413,1.4674,3.7611,0.0031
4,convexCTABGAN,0.1971833139617995,0.060216650247825854,0.2559444547490102,0.7950500194645359,-2.5993528877829357,,0.603481012658228,0.058523050948514274,0.06461768517616585,0.04535003508264963,4.3374,1.4789,3.7921,0.0029
5,TabDDPM,0.5007469708420189,0.00021807321076162175,0.040646897931451195,0.5264217717233166,-6.689999999039744,0.08302572867772749,0.042879746835443044,0.015725257714421778,0.007493115597451652,0.01866265786161834,4.2103,2.0672,2.6885,0.0172
