,Model,Student-T-test,KL divergence,PropensityScore,PredictRealOrSyn,Log Cluster Metric,Feature Correlations Difference,Cross-validation,F-1 score,Geometric Mean,Feature-consistency,EuclideanDistance_Mean,EuclideanDistance_Std,HausdorffDistance,CosineSimilarity
0,NextConvGeN,2.1098268867794822e-13,0.004882692833348646,0.008422854365246082,0.5345707300690543,-7.8293619124161085,0.009859338068862498,0.07019095477386927,0.10640345369846416,0.08741259750840369,0.026800039370661635,4.2947,1.2472,3.7285,0.0052
1,CTGAN,3.0546202973123542e-86,0.011022643862517553,0.0472197611411187,0.6878661524493325,-7.210175475231901,0.02143613547004482,0.15751758793969856,0.08185587918159515,0.07101585243563074,0.10678692623175687,4.3378,1.0878,4.1047,0.0032
2,convexCTGAN,1.5020020741343003e-09,0.02232857351908932,0.016018292761656165,0.5904474584893717,-8.461498372583304,0.030144581863472315,0.07619095477386928,0.10640345369846416,0.08741259750840369,0.0780506793075968,4.2941,1.2492,3.705,0.0075
3,CTABGAN,1.0259452436959053e-21,0.23531828420286116,0.13025454895928001,0.8321099437857999,-2.306326074080184,0.02275997871260592,0.1535125628140705,0.10640345369846416,0.08741259750840369,0.14280885928536097,4.3681,0.9592,3.273,0.0001
4,convexCTABGAN,2.3988153998209713e-30,0.16199711843605147,0.11894719763887117,0.8266644976848578,-2.81076910889983,0.022026768180189213,0.15553768844221105,0.23036733569885678,0.20786214434257644,0.12281566705981145,4.3634,0.9801,3.2631,0.0006
5,TVAE,0.7765065292869534,0.12654159590655803,0.05840082570428483,0.7012007040807574,-4.413452061264434,0.05090402516644746,0.1835075376884422,0.1402987205829514,0.12769429373376545,0.011558645615556128,4.1705,1.6146,7.3325,0.0075
6,TabDDPM,0.7167849188609703,0.0014037108197780181,0.0009469496604090333,0.48145482647625915,-9.75734567556206,0.00690143920615406,0.0410452261306532,0.053713693866934475,0.050799028913173616,0.021722059920422334,4.2894,1.2655,3.2602,0.0057
