,Model,Accuracy,F1_score,RMSE
0,NextConvGeN,0.6223958333333334,0.6177888141485022,1.2416248280948634
1,CTGAN,0.08072916666666667,0.08004183318417456,1.5038491295973924
2,convexCTGAN,0.18489583333333334,0.18058550105675208,1.4667540336982203
3,CTABGAN,0.15104166666666666,0.14861791048858333,1.4092130666625864
4,convexCTABGAN,0.16927083333333334,0.1633858506663721,1.4476218675952937
5,TabDDPM,0.4557291666666667,0.4340977581683823,1.0796007065389919
