,Model,Student-T-test,KL divergence,PropensityScore,PredictRealOrSyn,Log Cluster Metric,Feature Correlations Difference,Cross-validation,F-1 score,Geometric Mean,Feature-consistency,EuclideanDistance_Mean,EuclideanDistance_Std,HausdorffDistance,CosineSimilarity
0,NextConvGeN,0.06467426319443065,0.004032979527072756,0.006176197617120553,0.6243901434158133,-2.069528468270747,0.24255413353355298,0.06580946814728228,0.037130801687763726,0.03385106665423965,0.04612012364525556,5.8838,1.8386,4.9853,0.0034
1,CTGAN,0.10043545912472235,0.0069312390779264965,0.07660327683393027,0.7231102826900419,-3.1519149247733926,0.1018232072575198,0.1637054354178843,0.14813017160887343,0.11666503587449847,0.12606673497856344,5.9719,1.5285,5.8655,0.0027
2,convexCTGAN,0.15880685369293165,0.026082144629714154,0.05817913276610994,0.7153158104290217,-4.879652826302305,0.09205186152710186,0.18123904149620107,0.178781512605042,0.20065714098766008,0.14921115096466836,5.9826,1.4861,6.4137,0.0018
3,CTABGAN,0.053065636295853806,0.22332327257855364,0.08524937835776986,0.7965310630473676,-1.8678841468185818,0.10257946221008991,0.11922852133255407,0.17881203763556702,0.20070257402740055,0.14123542885876733,6.0191,1.3305,4.996,0.0008
4,convexCTABGAN,0.02373309623082388,0.20024444120467874,0.0823399047145902,0.7610409441454082,-2.3106554586480264,0.0968951111801002,0.10946814728229104,0.0,0.0,0.14340156859976902,6.0157,1.3458,4.8873,0.0004
5,TabDDPM,0.2279492927725336,0.012469903986393036,0.045768753996745695,0.668448745712994,-2.2188889810160237,0.14818447109693453,0.3531852717708942,0.12885658768011707,0.13340000903286886,0.03699789567963232,5.9221,1.7114,6.7792,0.008
