,Model,Student-T-test,KL divergence,PropensityScore,PredictRealOrSyn,Log Cluster Metric,Feature Correlations Difference,Cross-validation,F-1 score,Geometric Mean,Feature-consistency,EuclideanDistance_Mean,EuclideanDistance_Std,HausdorffDistance,CosineSimilarity
0,NextConvGeN,0.9628359219266438,0.0013304712700899653,0.06417806911530395,0.45941720186518226,-8.30603972766141,0.009593142793955524,0.0052631578947368585,0.0,0.0,0.02035302823527038,5.553,1.0791,3.0209,0.0003
1,CTGAN,1.276566711806433e-23,0.02069043316148842,0.24837261756537035,0.7251132848844519,-6.166145487019741,0.017023969631116284,0.724561403508772,0.010308307644441156,0.010254983835407655,0.07020743075498952,5.6005,0.7964,4.6087,0.0001
2,convexCTGAN,8.551717718401486e-10,0.019580026620697896,0.18755575694473747,0.6415455311761576,-4.832599250211549,0.01687616314245845,0.6923076923076923,0.057572169017952174,0.05831376772781888,0.0655921396925748,5.6002,0.7988,4.3975,0.0
3,CTABGAN,3.1936534107046274e-06,0.014544911956226791,0.17651835702400023,0.6077940714923001,-9.674633382179154,0.01677048582869748,0.7134952766531714,0.11733043284248104,0.1235929840072705,0.06631731900014426,5.6062,0.755,4.3612,0.0
4,convexCTABGAN,8.832104492284387e-06,0.013825805733895339,0.15044469456852919,0.5920918220299025,-7.4930720903867645,0.016758705073848326,0.7442645074224021,0.057572169017952174,0.05831376772781888,0.07084453490331351,5.6032,0.7774,4.3399,0.0
5,TabDDPM,0.5714467750510764,0.0013629842861535885,0.06771551267285848,0.392947111368164,-8.314836001450637,0.005972787724977566,0.0052631578947367474,0.0,0.0,0.02097201014069165,5.5551,1.068,3.5984,0.0004
