,Model,Student-T-test,KL divergence,PropensityScore,PredictRealOrSyn,Log Cluster Metric,Feature Correlations Difference,Cross-validation,F-1 score,Geometric Mean,Feature-consistency,EuclideanDistance_Mean,EuclideanDistance_Std,HausdorffDistance,CosineSimilarity
0,NextConvGeN,0.9628359219266438,0.0013304712700899653,0.06521396874582318,0.45941720186518226,-8.30603972766141,0.009593143228849904,0.0052631578947368585,0.0,0.0,0.02035302823527038,5.553,1.0791,3.0209,0.0003
1,CTGAN,1.276566711806433e-23,0.02069043316148842,0.24907729306604362,0.7340664369954989,-6.166145487019741,0.01702397088750093,0.724561403508772,0.010308307644441156,0.010254983835407655,0.07020743075498952,5.6005,0.7964,4.6087,0.0001
2,convexCTGAN,0.0003085290337887906,0.032567505814901705,0.1776174106626983,0.5730967310064484,-4.103695731454874,0.016921570718360122,0.7134952766531714,0.11733043284248104,0.1235929840072705,0.05472614963665848,5.6003,0.7977,4.5737,-0.0
3,CTABGAN,3.1936534107046274e-06,0.014544911956226791,0.17443293144779337,0.6077940714923001,-9.674633382179154,0.016770486671599846,0.7134952766531714,0.11733043284248104,0.1235929840072705,0.06631731900014426,5.6062,0.755,4.3612,0.0
4,convexCTABGAN,2.065954140730307e-05,0.011623168579374095,0.14924699930783,0.5938145749363727,-8.682327899730968,0.017258816125156444,0.7341430499325236,0.057572169017952174,0.05831376772781888,0.05621511376888296,5.6072,0.748,4.7233,0.0
5,TabDDPM,0.5714467750510764,0.0013629842861535885,0.06754260678414885,0.392947111368164,-8.314836001450637,0.005972787785125482,0.0052631578947367474,0.0,0.0,0.02097201014069165,5.5551,1.068,3.5984,0.0004
