,Model,Accuracy,F1_score,RMSE
0,NextConvGeN,0.6533466533466534,0.6527989938371687,
1,CTGAN,0.5464535464535465,0.5480166935479756,
2,CTABGAN,0.5229770229770231,0.5012507231246489,
3,TabDDPM,0.6418581418581419,0.6441884905811399,
4,CART,0.5479520479520479,0.5476953910835446,
5,DataSynth,0.5179820179820179,0.5131382604486593,
6,GReaT,0.517982017982018,0.5175648168313383,
