,Model,Accuracy,F1_score,RMSE
0,NextConvGeN,0.6533466533466534,0.6527989938371687,
1,CTGAN,0.5464535464535465,0.5480166935479753,
2,convexCTGAN,0.5399600399600399,0.5326456886555625,
3,CTABGAN,0.5229770229770231,0.5012507231246489,
4,convexCTABGAN,0.538961038961039,0.525213129089018,
5,TabDDPM,0.6418581418581419,0.6441884905811399,
