,Model,Student-T-test,KL divergence,PropensityScore,PredictRealOrSyn,Log Cluster Metric,Feature Correlations Difference,Cross-validation,F-1 score,Geometric Mean,Feature-consistency,EuclideanDistance_Mean,EuclideanDistance_Std,HausdorffDistance,CosineSimilarity
0,NextConvGeN,0.4059005518567814,0.0018023091499868023,0.00554615517147025,0.42080184942212034,-8.546899890059853,0.006864587769578498,0.0046511627906976605,0.0,0.0,0.02258680309687012,5.5475,1.1068,2.9793,0.001
1,CTGAN,1.5757037193603294e-11,0.01419816776304028,0.04563443401807184,0.6401472031072828,-5.14731573183313,0.01297380723391587,0.07875264270613103,0.0,0.0,0.07596365524882637,5.5943,0.8392,4.4015,0.0004
2,convexCTGAN,0.35338179523156665,0.04836106190839204,0.06590174151433204,0.6770370613882319,-4.963380951603744,0.013194394838373162,0.060253699788583526,0.859273640303501,0.848554142812187,0.11979672247144627,5.5836,0.9074,5.3483,0.0004
3,CTABGAN,2.3166008234320045e-18,0.011022635074814732,0.06426195694829025,0.6508388517776664,-6.185959606883289,0.013153371888797881,0.06469344608879501,0.0,0.0,0.11956914128643262,5.597,0.8205,4.6739,0.0003
4,convexCTABGAN,0.0563470085944207,0.017165921944327676,0.032468728578219815,0.5966458263350214,-6.7175995014583805,0.013287347086686569,0.06955602536997885,0.0,0.0,0.11523265749846072,5.5958,0.8287,4.7782,0.0002
5,TabDDPM,0.3454869900669608,0.003906212129552846,0.006471953688471286,0.4990567576323621,-8.244452156061266,0.0074444847494941685,0.008879492600422756,0.0,0.0,0.01933386184060136,5.5541,1.0734,3.6258,0.001
