,Model,Student-T-test,KL divergence,PropensityScore,PredictRealOrSyn,Log Cluster Metric,Feature Correlations Difference,Cross-validation,F-1 score,Geometric Mean,Feature-consistency,EuclideanDistance_Mean,EuclideanDistance_Std,HausdorffDistance,CosineSimilarity
0,NextConvGeN,0.4059005518567814,0.0018023091499868023,0.060282716277631314,0.42080184942212034,-8.546899890059853,0.006864588628517746,0.0046511627906976605,0.0,0.0,0.024458572960292444,5.5475,1.1068,2.9793,0.001
1,CTGAN,1.5757037193603407e-11,0.01419816776304028,0.18019795871193012,0.6437909278036391,-5.545113143838333,0.012973807698607029,0.07875264270613103,0.0,0.0,0.03313241818922096,5.5943,0.8392,4.4015,0.0004
2,CTABGAN,2.3166008234320045e-18,0.011022635074814732,0.2197093309969684,0.6534270870717842,-5.608046321535962,0.013153373531639815,0.06469344608879501,0.0,0.0,0.02433601824990382,5.597,0.8205,4.6739,0.0003
3,CART,0.10032329540565843,0.0027475293456784007,0.05271433261947277,0.45404924202166397,-7.188225823091753,0.010414028989386214,0.037103594080338254,0.0,0.0,0.024368459427910025,5.5649,1.0157,4.5874,0.0009
4,DataSynth,0.676971485496901,0.001606567917644789,0.06466686576377498,0.4614857231217407,-10.447316932256081,0.011681774473441106,0.046511627906976716,0.0,0.0,0.030044040259125947,5.5809,0.9239,5.8996,0.0008
5,GReaT,2.2220897953501516e-07,0.016113106759614398,0.16706433797250902,0.6201901651635061,-5.620658100445256,0.01288764555181983,0.055708245243129006,0.0,0.0,0.02715909176632685,5.5981,0.8135,4.6934,0.0002
6,TabDDPM,0.3454869900669608,0.003906212129552846,0.06500135259359395,0.49634194863183884,-10.72479926771848,0.0074444801750649684,0.008879492600422756,0.0,0.0,0.023550974137604905,5.5541,1.0734,3.6258,0.001
