,Model,Accuracy,F1_score,RMSE
0,NextConvGeN,0.7933510638297873,0.7853667900937771,
1,CTGAN,0.7417553191489363,0.7370765630339854,
2,convexCTGAN,0.7218085106382979,0.7307828083663236,
3,CTABGAN,0.522872340425532,0.5683797721597221,
4,convexCTABGAN,0.550531914893617,0.5821533208502877,
5,TabDDPM,0.8162234042553191,0.81021586114081,
