,Model,Accuracy,F1_score,RMSE
0,NextConvGeN,0.8031914893617023,0.7948574688445125,
1,CTGAN,0.7755319148936171,0.7547980714092724,
2,convexCTGAN,0.7449468085106383,0.7427490483087761,
3,CTABGAN,0.5303191489361702,0.5301084605857289,
4,convexCTABGAN,0.5694148936170212,0.6004755992802906,
5,TabDDPM,0.7835106382978723,0.7832604053960034,
