,Model,Accuracy,F1_score,RMSE
0,NextConvGeN,0.8013297872340426,0.7936612320983054,
1,CTGAN,0.7755319148936171,0.7547980714092724,
2,CTABGAN,0.5303191489361702,0.5301084605857289,
3,TabDDPM,0.7835106382978723,0.7832604053960034,
4,CART,0.8039893617021276,0.7816634646540889,
5,DataSynth,0.5375,0.6008601255267754,
6,GReaT,0.7962765957446809,0.7653156192974779,
