,Model,Accuracy,F1_score,RMSE
0,NextConvGeN,0.5653973509933774,0.5659689611351606,0.8567226475387464
1,CTGAN,0.5041390728476821,0.47138269901822455,1.334425992488396
2,convexCTGAN,0.49751655629139074,0.4854758683999229,1.7572360582448083
3,CTABGAN,0.4329470198675497,0.415023272492976,1.202942357788854
4,convexCTABGAN,0.37003311258278143,0.36730466501277204,1.18317541495657
5,TabDDPM,0.5513245033112584,0.5457444560170216,1.2824071118665674
