,Model,Accuracy,F1_score,RMSE
0,NextConvGeN,0.7252648736756316,0.7285796898879472,1.3196714352791945
1,CTGAN,0.6859005704971475,0.6866311858086797,1.4179019042934629
2,CTABGAN,0.5442542787286063,0.5898181414463429,1.3795429891235522
3,TabDDPM,0.7726976365118174,0.771585019571663,1.150149745487857
4,CART,0.7079869600651996,0.7130552505941725,1.4073084720670512
5,DataSynth,0.4832110839445803,0.5364237894101007,1.6086810572409074
6,GReaT,0.7318663406682967,0.7251242513223249,1.3155220233083382
