,Model,Accuracy,F1_score,RMSE
0,NextConvGeN,0.7252648736756316,0.7285796898879472,1.3213891885815163
1,CTGAN,0.6859005704971475,0.6866311858086797,1.4179019042934629
2,convexCTGAN,0.6940505297473514,0.701178655409252,1.3288999204390395
3,CTABGAN,0.5442542787286063,0.5898181414463429,1.3795429891235522
4,convexCTABGAN,0.6528117359413204,0.6650659633737274,1.409671220236127
5,TabDDPM,0.7726976365118174,0.771585019571663,1.150149745487857
