,Model,Student-T-test,KL divergence,PropensityScore,PredictRealOrSyn,Log Cluster Metric,Feature Correlations Difference,Cross-validation,F-1 score,Geometric Mean,Feature-consistency,EuclideanDistance_Mean,EuclideanDistance_Std,HausdorffDistance,CosineSimilarity
0,NextConvGeN,0.5330893971448822,0.000998214191500095,0.005055280645059961,0.43811903366778937,-9.892625698679758,0.009568773513859968,0.018604651162790753,0.0,0.0,0.016473596028560814,5.547,1.1094,3.0822,0.0006
1,CTGAN,3.1589188996709684e-37,0.01735263301266478,0.11590026482568908,0.7842655374729466,-5.831782086478951,0.013513088774516832,0.10644820295983082,0.0,0.0,0.14730638059553947,5.5957,0.8298,5.0133,0.0002
2,convexCTGAN,1.7166201167734889e-09,0.039475811402323965,0.05381222692036404,0.6779810674383803,-3.9045869548055845,0.014222290920644722,0.1019027484143763,0.0,0.0,0.11281506180100202,5.5908,0.8617,4.8966,0.0003
3,CTABGAN,0.0013066912206318461,0.009407005660142449,0.019112468100562868,0.542815791156194,-6.810064172695889,,0.08784355179704006,0.0,0.0,0.08505724952978433,5.5114,0.7901,4.5072,0.0002
4,convexCTABGAN,0.00030354703578822854,0.010382023305706194,0.029755118680388996,0.592351392193115,-6.852304169285447,0.013838057724948763,0.10665961945031699,0.0,0.0,0.12349880991984251,5.6007,0.7947,4.6937,0.0002
5,TabDDPM,0.681399926737623,0.0015356928530440301,0.005166500330108509,0.46785045086633287,-8.91019162137963,0.006804679562402985,0.050845665961945063,0.0,0.0,0.01093299126684945,5.5503,1.0927,1.9647,0.0006
