,Model,Student-T-test,KL divergence,PropensityScore,PredictRealOrSyn,Log Cluster Metric,Feature Correlations Difference,Cross-validation,F-1 score,Geometric Mean,Feature-consistency,EuclideanDistance_Mean,EuclideanDistance_Std,HausdorffDistance,CosineSimilarity
0,NextConvGeN,0.5330893971448822,0.000998214191500095,0.05345490942982466,0.43811903366778937,-10.65719817852739,0.009568776353285102,0.018604651162790753,0.0,0.0,0.012619496980096508,5.547,1.1094,3.0822,0.0006
1,CTGAN,3.1589188996709684e-37,0.01735263301266478,0.3077645701289981,0.7894059309305744,-5.555831532812228,0.013513087095017931,0.10644820295983082,0.0,0.0,0.019694701264758887,5.5957,0.8298,5.0133,0.0002
2,CTABGAN,0.0013066912206318461,0.009407005660142449,0.11380146510342154,0.5460678236765193,-12.108449176809234,,0.08784355179704006,0.0,0.0,0.02057704128490272,5.5114,0.7901,4.5072,0.0002
3,CART,0.7491778869087142,0.005037322322071894,0.08323818191796761,0.48791246421342754,-10.734080691182372,0.009163797124002875,0.04619450317124729,0.0,0.0,0.03279317756318666,5.5723,0.9743,4.4217,0.0006
4,DataSynth,0.7948731683490802,0.005609535461974178,0.09437363714786016,0.48579460290116644,-6.8422603930717445,0.010941884733446322,0.08784355179704006,0.0,0.0,0.01719287480373035,5.5881,0.8792,4.7149,0.0006
5,GReaT,1.4976697091106744e-10,0.010061359504719935,0.13981184951057657,0.6676289730144693,-9.928753221663428,0.01414202852114433,0.08805496828752624,0.9146113622779357,0.9079825936844034,0.018565815994476122,5.5995,0.8034,4.3827,0.0002
6,TabDDPM,0.681399926737623,0.0015356928530440301,0.05949169290630663,0.4641506622828234,-8.91019162137963,0.0068046758714829245,0.050845665961945063,0.0,0.0,0.01990915668962901,5.5503,1.0927,1.9647,0.0006
