,Model,Student-T-test,KL divergence,PropensityScore,PredictRealOrSyn,Log Cluster Metric,Feature Correlations Difference,Cross-validation,F-1 score,Geometric Mean,Feature-consistency,EuclideanDistance_Mean,EuclideanDistance_Std,HausdorffDistance,CosineSimilarity
0,NextConvGeN,0.002651858892569217,0.003785453812254837,0.06795177797728193,0.6729173744060375,-2.0659295645970683,0.23940789357839065,0.027177089421390965,0.33610978610912895,0.37060095928267556,0.022798485238924273,5.9171,1.7285,4.4224,0.004
1,CTGAN,0.1931771527500907,0.016572712724307027,0.1387803097700598,0.685247021112782,-3.78006028911017,0.12267672418447965,0.7258912916423144,0.17637041321251845,0.17322143611030938,0.06845754239930209,5.9948,1.4362,5.8246,0.0027
2,convexCTGAN,0.056446653379680974,0.010101077947810169,0.15063601728097434,0.6690840327636769,-4.69549554053151,0.11832163097634396,0.7227936879018118,0.058042385548891684,0.05611419543569529,0.07124184151332213,5.9827,1.4858,6.544,0.0032
3,CTABGAN,0.07895663261156705,0.24027756325950553,0.28156175418506296,0.8026124349536327,-1.7614783631081379,0.11131926817186397,0.7535359438924605,0.2001799370220423,0.19814062691907391,0.07902847896047972,6.0311,1.2752,4.8373,0.0005
4,convexCTABGAN,0.1635144775831412,0.2170127831011135,0.19893512086634396,0.7460705826196555,-1.7435048776497715,0.11965873542828884,0.7154880187025131,0.15627120686331214,0.14110898434553765,0.067994250693977,6.031,1.2754,5.0295,0.0002
5,TabDDPM,0.061777696262173776,0.006896518763962662,0.1885057351089144,0.6937838670112935,-5.7647189907931145,0.14278473273368344,0.10958503798947983,0.05290341237709659,0.050430069729911986,0.04772955093238537,5.9309,1.6807,5.7752,0.0078
