,Model,Accuracy,F1_score,RMSE
0,NextConvGeN,0.8114361702127659,0.8052880598947892,
1,CTGAN,0.7582446808510639,0.7474905236911753,
2,convexCTGAN,0.7377659574468086,0.7409161179461383,
3,CTABGAN,0.5752659574468085,0.5891020108866349,
4,convexCTABGAN,0.5321808510638297,0.5596045201779508,
5,TabDDPM,0.7856382978723404,0.7852854884987025,
