,Model,Accuracy,F1_score,RMSE
0,NextConvGeN,0.8055851063829789,0.8009720859473243,
1,CTGAN,0.7582446808510639,0.7474905236911753,
2,CTABGAN,0.5752659574468085,0.5891020108866349,
3,TabDDPM,0.7856382978723404,0.7852854884987025,
4,CART,0.8095744680851065,0.7892379654915513,
5,DataSynth,0.5553191489361701,0.6152687456606853,
6,GReaT,0.8007978723404255,0.7642476402573327,
