,Model,Accuracy,F1_score,RMSE
0,NextConvGeN,0.6148409893992933,0.6201776006742279,1.3624407298621706
1,CTGAN,0.5936395759717314,0.5866317377751473,1.292147112001116
2,CTABGAN,0.7031802120141343,0.5806342829494303,1.2603542759426056
3,TabDDPM,0.6219081272084805,0.6064152022229301,1.2533508643410554
4,CART,0.6713780918727915,0.6336784932075784,1.1547731786104265
5,DataSynth,0.5971731448763251,0.5817185376460995,1.7431547749802716
6,GReaT,0.6431095406360424,0.5959511911082387,1.1994884307014153
