,Model,Accuracy,F1_score,RMSE
0,NextConvGeN,0.6148409893992933,0.6201776006742279,1.3624407298621706
1,CTGAN,0.5936395759717314,0.5866317377751472,1.292147112001116
2,convexCTGAN,0.5901060070671378,0.5914820623612974,1.4178930476677445
3,CTABGAN,0.7031802120141343,0.5806342829494303,1.2603542759426056
4,convexCTABGAN,0.7031802120141343,0.5806342829494303,1.1111185590511479
5,TabDDPM,0.6219081272084805,0.6064152022229301,1.2533508643410554
