,Model,Student-T-test,KL divergence,PropensityScore,PredictRealOrSyn,Log Cluster Metric,Feature Correlations Difference,Cross-validation,F-1 score,Geometric Mean,Feature-consistency,EuclideanDistance_Mean,EuclideanDistance_Std,HausdorffDistance,CosineSimilarity
0,NextConvGeN,0.11118832504096376,0.002210176072460721,0.008525123438684546,0.45327633542458345,-21.416413017506358,0.011278399968121515,0.015529753265602242,0.10993445151339887,0.12118449010513388,0.02038304508262876,5.3533,3.0565,3.3957,0.0257
1,CTGAN,2.124410714560942e-35,0.014947552689776381,0.0884541116600009,0.7443862074927912,-5.089698674768074,0.03516523523431229,0.30406386066763424,0.3419680238162489,0.3157364122933926,0.46790971975793594,5.7305,2.676,9.4108,0.0118
2,convexCTGAN,0.5868184235831324,0.028666697755283896,0.03981702010396227,0.6925795033079055,-3.3806431964932844,0.0368070355692674,0.29252539912917275,0.10993445151339887,0.12118449010513388,0.38582489364512995,5.7761,2.5763,11.6355,0.0105
3,CTABGAN,0.412473891189327,0.39067460739460436,0.21671982163299613,0.9772669378551733,-1.6070931460079807,0.04033463526163026,0.27706821480406385,0.10993445151339887,0.12118449010513388,0.47624129429144063,5.9727,2.0802,5.1472,0.0005
4,convexCTABGAN,0.010035120752438346,0.38654933055863416,0.21857393034943604,0.9831430740920197,-1.5443060489987188,0.040203503879324726,0.30406386066763424,0.11823725981620714,0.13075947805040744,0.594357128611812,5.9716,2.0832,4.9248,0.0007
5,TabDDPM,0.3920218669715144,0.0016037239208230131,0.0038345768658737717,0.41555259155352314,-21.416413017506358,0.015510862749718293,0.03838896952104509,0.10993445151339887,0.12118449010513388,0.020152465342546538,5.4023,3.1329,4.7685,0.0266
