,Model,Student-T-test,KL divergence,PropensityScore,PredictRealOrSyn,Log Cluster Metric,Feature Correlations Difference,Cross-validation,F-1 score,Geometric Mean,Feature-consistency,EuclideanDistance_Mean,EuclideanDistance_Std,HausdorffDistance,CosineSimilarity
0,NextConvGeN,0.5502849061968111,0.0009527694521056067,0.002729474936286889,0.3926878304959498,-7.702122127073497,0.00850003430695692,0.02748414376321351,0.0,0.0,0.0190434867189356,5.5495,1.0969,3.479,0.0009
1,CTGAN,0.22055983001199903,0.004896614801917241,0.00996223631551699,0.5131088921663857,-6.7175995014583805,0.012172122913037648,0.0417547568710358,0.0,0.0,0.11616109589034579,5.5951,0.8338,4.9808,0.0004
2,convexCTGAN,0.06534668239934935,0.02895528778107552,0.041155553400833746,0.6825766800055155,-4.8074704850796675,0.012015410153819095,0.03224101479915442,0.7612877425922082,0.7455678071444962,0.11744839026114848,5.5883,0.8779,4.5688,0.0006
3,CTABGAN,6.168138160973998e-10,0.0071326988259217405,0.03461224542325678,0.575316749883796,-10.744124467396071,0.012374892500562444,0.03699788583509511,0.0,0.0,0.14444280376320684,5.597,0.8205,4.6061,0.0003
4,convexCTABGAN,0.7474868643125905,0.005927853203580389,0.01180529644608416,0.5289980409887673,-7.003801188739729,0.01200535980144975,0.02315010570824516,0.0,0.0,0.1714841709849255,5.5965,0.8244,4.7838,0.0002
5,TabDDPM,0.43931735597498267,0.000990893526310488,0.004868442258750167,0.42277199108776553,-12.13164133087892,0.0064606792179321675,0.02769556025369979,0.0,0.0,0.02391161283505835,5.5525,1.0818,2.7511,0.0008
