,Model,Student-T-test,KL divergence,PropensityScore,PredictRealOrSyn,Log Cluster Metric,Feature Correlations Difference,Cross-validation,F-1 score,Geometric Mean,Feature-consistency,EuclideanDistance_Mean,EuclideanDistance_Std,HausdorffDistance,CosineSimilarity
0,NextConvGeN,0.5502849061968111,0.0009527694521056067,0.039770922799414916,0.39269896222136724,-8.889573351941019,0.008500037373210034,0.02748414376321351,0.0,0.0,0.01420065199626009,5.5495,1.0969,3.479,0.0009
1,CTGAN,0.22055983001199903,0.004896614801917241,0.0821253914863169,0.5083469874044809,-8.553332238032114,0.012172122496766254,0.0417547568710358,0.0,0.0,0.009533005044422138,5.5951,0.8338,4.9808,0.0004
2,CTABGAN,6.168138160973998e-10,0.0071326988259217405,0.15279893964863808,0.5745008990679452,-6.079291519820612,0.012374895037740835,0.03699788583509511,0.0,0.0,0.012875681664463868,5.597,0.8205,4.6061,0.0003
3,CART,0.1734803043421659,0.0010526909752814654,0.0554146717087164,0.44644675365065084,-21.416413017506358,0.008355049068633559,0.004862579281183832,0.0,0.0,0.014985559582416541,5.5622,1.0304,4.8916,0.001
4,DataSynth,0.6786703812225529,0.004501265954160864,0.06605721206799656,0.4928930176307665,-7.312658631212478,0.01098867749492862,0.03245243128964059,0.0,0.0,0.013345789058000398,5.5838,0.9064,6.9684,0.0005
5,GReaT,9.971267564438258e-08,0.0096801281326565,0.153705421487051,0.6365118114830456,-7.7418232994994565,0.01193880270538362,0.037103594080338254,0.0,0.0,0.010758361416782066,5.5975,0.8171,4.6606,0.0003
6,TabDDPM,0.43931735597498256,0.000990893526310488,0.05678644196613309,0.42277199108776553,-9.333086127859595,0.006460683399295081,0.02769556025369979,0.0,0.0,0.015619849461804924,5.5525,1.0818,2.7511,0.0008
